,0
16821,1
16822,1
16823,1
16824,1
16825,1
16826,1
16827,1
16828,0
16829,1
16830,1
16831,1
16832,1
16833,1
16834,0
16835,1
16836,1
16837,1
16838,1
16839,1
16840,0
16841,0
16842,-1
16843,0
16844,1
16845,1
16846,1
16847,1
16848,1
16849,0
16850,-1
16851,-1
16852,-1
16853,-1
16854,-1
16855,-1
16856,-1
16857,0
16858,1
16859,0
16860,0
16861,1
16862,0
16863,0
16864,1
16865,1
16866,1
16867,1
16868,1
16869,1
16870,1
16871,1
16872,1
16873,1
16874,1
16875,0
16876,1
16877,1
16878,1
16879,1
16880,1
16881,-1
16882,-1
16883,-1
16884,-1
16885,-1
16886,0
16887,1
16888,1
16889,1
16890,0
16891,-1
16892,-1
16893,0
16894,-1
16895,-1
16896,-1
16897,-1
16898,-1
16899,-1
16900,-1
16901,-1
16902,-1
16903,1
16904,1
16905,1
16906,0
16907,1
16908,0
16909,1
16910,1
16911,1
16912,1
16913,1
16914,1
16915,1
16916,1
16917,0
16918,-1
16919,-1
16920,-1
16921,-1
16922,0
16923,1
16924,0
16925,0
16926,0
16927,0
16928,0
16929,1
16930,1
16931,1
16932,1
16933,0
16934,-1
16935,-1
16936,-1
16937,-1
16938,0
16939,1
16940,1
16941,0
16942,0
16943,-1
16944,-1
16945,0
16946,-1
16947,-1
16948,0
16949,-1
16950,-1
16951,1
16952,1
16953,1
16954,1
16955,1
16956,1
16957,1
16958,-1
16959,-1
16960,-1
16961,-1
16962,-1
16963,-1
16964,1
16965,1
16966,-1
16967,1
16968,0
16969,-1
16970,-1
16971,1
16972,1
16973,0
16974,0
16975,1
16976,1
16977,0
16978,1
16979,1
16980,1
16981,1
16982,1
16983,1
16984,1
16985,1
16986,1
16987,1
16988,1
16989,1
16990,1
16991,1
16992,1
16993,1
16994,1
16995,1
16996,1
16997,1
16998,1
16999,1
17000,1
17001,0
17002,-1
17003,-1
17004,-1
17005,-1
17006,-1
17007,-1
17008,-1
17009,-1
17010,0
17011,1
17012,1
17013,1
17014,1
17015,1
17016,1
17017,1
17018,1
17019,1
17020,1
17021,1
17022,-1
17023,-1
17024,-1
17025,-1
17026,-1
17027,-1
17028,-1
17029,-1
17030,0
17031,1
17032,0
17033,-1
17034,-1
17035,-1
17036,-1
17037,-1
17038,-1
17039,-1
17040,-1
17041,-1
17042,-1
17043,-1
17044,-1
17045,0
17046,1
17047,1
17048,1
17049,1
17050,1
17051,1
17052,1
17053,-1
17054,-1
17055,-1
17056,-1
17057,-1
17058,-1
17059,-1
17060,-1
17061,-1
17062,0
17063,-1
17064,0
17065,1
17066,1
17067,1
17068,1
17069,1
17070,1
17071,1
17072,1
17073,1
17074,0
17075,-1
17076,0
17077,-1
17078,0
17079,1
17080,1
17081,1
17082,1
17083,0
17084,0
17085,-1
17086,-1
17087,-1
17088,-1
17089,-1
17090,-1
17091,-1
17092,0
17093,1
17094,1
17095,1
17096,1
17097,1
17098,-1
17099,-1
17100,-1
17101,-1
17102,-1
17103,-1
17104,-1
17105,-1
17106,-1
17107,0
17108,-1
17109,-1
17110,0
17111,-1
17112,-1
17113,-1
17114,0
17115,0
17116,1
17117,1
17118,1
17119,1
17120,1
17121,1
17122,1
17123,1
17124,1
17125,1
17126,1
17127,1
17128,1
17129,1
17130,1
17131,0
17132,1
17133,1
17134,1
17135,1
17136,1
17137,1
17138,1
17139,0
17140,-1
17141,0
17142,0
17143,1
17144,1
17145,1
17146,1
17147,1
17148,1
17149,1
17150,1
17151,0
17152,0
17153,1
17154,1
17155,-1
17156,-1
17157,-1
17158,-1
17159,-1
17160,0
17161,1
17162,1
17163,1
17164,1
17165,1
17166,1
17167,1
17168,1
17169,0
17170,-1
17171,-1
17172,-1
17173,-1
17174,-1
17175,1
17176,1
17177,0
17178,-1
17179,-1
17180,-1
17181,-1
17182,-1
17183,-1
17184,0
17185,-1
17186,-1
17187,-1
17188,-1
17189,-1
17190,-1
17191,-1
17192,-1
17193,1
17194,0
17195,1
17196,1
17197,1
17198,0
17199,1
17200,0
17201,0
17202,-1
17203,1
17204,0
17205,1
17206,1
17207,-1
17208,-1
17209,-1
17210,-1
17211,-1
17212,-1
17213,-1
17214,-1
17215,-1
17216,-1
17217,-1
17218,-1
17219,1
17220,1
17221,1
17222,0
17223,1
17224,-1
17225,-1
17226,0
17227,1
17228,1
17229,1
17230,1
17231,1
17232,1
17233,1
17234,1
17235,0
17236,-1
17237,0
17238,0
17239,0
17240,0
17241,0
17242,1
17243,1
17244,1
17245,1
17246,1
17247,1
17248,0
17249,1
17250,0
17251,-1
17252,0
17253,1
17254,0
17255,0
17256,0
17257,-1
17258,0
17259,0
17260,1
17261,1
17262,1
17263,1
17264,1
17265,0
17266,0
17267,-1
17268,-1
17269,-1
17270,-1
17271,-1
17272,0
17273,0
17274,1
17275,1
17276,1
17277,1
17278,1
17279,1
17280,1
17281,0
17282,-1
17283,-1
17284,-1
17285,-1
17286,-1
17287,1
17288,1
17289,1
17290,1
17291,1
17292,1
17293,1
17294,1
17295,1
17296,1
17297,1
17298,1
17299,1
17300,1
17301,1
17302,1
17303,0
17304,0
17305,0
17306,-1
17307,-1
17308,-1
17309,-1
17310,-1
17311,0
17312,-1
17313,-1
17314,-1
17315,-1
17316,-1
17317,-1
17318,0
17319,1
17320,1
17321,1
17322,1
17323,1
17324,1
17325,1
17326,0
17327,-1
17328,-1
17329,-1
17330,-1
17331,0
17332,0
17333,1
17334,0
17335,1
17336,1
17337,1
17338,1
17339,1
17340,1
17341,-1
17342,-1
17343,0
17344,0
17345,-1
17346,0
17347,0
17348,-1
17349,-1
17350,-1
17351,-1
17352,-1
17353,-1
17354,-1
17355,0
17356,0
17357,0
17358,-1
17359,-1
17360,-1
17361,-1
17362,-1
17363,0
17364,0
17365,0
17366,0
17367,-1
17368,-1
17369,-1
17370,-1
17371,-1
17372,-1
17373,0
17374,1
17375,1
17376,1
17377,1
17378,1
17379,1
17380,1
17381,1
17382,1
17383,1
17384,1
17385,1
17386,-1
17387,-1
17388,-1
17389,-1
17390,-1
17391,-1
17392,1
17393,1
17394,1
17395,1
17396,1
17397,0
17398,1
17399,0
17400,1
17401,1
17402,1
17403,0
17404,1
17405,1
17406,1
17407,-1
17408,0
17409,-1
17410,-1
17411,0
17412,1
17413,-1
17414,-1
17415,0
17416,0
17417,0
17418,1
17419,1
17420,0
17421,0
17422,1
17423,0
17424,0
17425,1
17426,-1
17427,-1
17428,1
17429,0
17430,0
17431,1
17432,1
17433,1
17434,0
17435,0
17436,-1
17437,-1
17438,-1
17439,0
17440,-1
17441,0
17442,0
17443,-1
17444,-1
17445,-1
17446,-1
17447,-1
17448,0
17449,-1
17450,-1
17451,-1
17452,-1
17453,-1
17454,-1
17455,-1
17456,-1
17457,-1
17458,-1
17459,-1
17460,-1
17461,-1
17462,-1
17463,-1
17464,-1
17465,-1
17466,-1
17467,1
17468,1
17469,1
17470,1
17471,1
17472,0
17473,1
17474,1
17475,1
17476,1
17477,1
17478,-1
17479,-1
17480,-1
17481,-1
17482,-1
17483,0
17484,1
17485,-1
17486,-1
17487,-1
17488,0
17489,0
17490,1
17491,0
17492,1
17493,0
17494,-1
17495,-1
17496,0
17497,1
17498,1
17499,1
17500,1
17501,1
17502,1
17503,1
17504,1
17505,1
17506,-1
17507,-1
17508,-1
17509,-1
17510,-1
17511,-1
17512,-1
17513,-1
17514,-1
17515,-1
17516,-1
17517,-1
17518,-1
17519,-1
17520,-1
17521,-1
17522,-1
17523,-1
17524,-1
17525,-1
17526,-1
17527,-1
17528,-1
17529,-1
17530,-1
17531,1
17532,1
17533,1
17534,1
17535,1
17536,1
17537,1
17538,1
17539,1
17540,1
17541,0
17542,1
17543,1
17544,1
17545,0
17546,-1
17547,-1
17548,-1
17549,-1
17550,-1
17551,-1
17552,0
17553,-1
17554,0
17555,-1
17556,1
17557,1
17558,1
17559,1
17560,1
17561,1
17562,1
17563,0
17564,-1
17565,-1
17566,-1
17567,0
17568,0
17569,1
17570,1
17571,1
17572,0
17573,0
17574,-1
17575,0
17576,0
17577,0
17578,-1
17579,0
17580,0
17581,-1
17582,-1
17583,-1
17584,0
17585,-1
17586,-1
17587,-1
17588,-1
17589,-1
17590,-1
17591,0
17592,1
17593,1
17594,1
17595,1
17596,1
17597,1
17598,1
17599,1
17600,1
17601,1
17602,1
17603,1
17604,0
17605,1
17606,0
17607,0
17608,0
17609,0
17610,-1
17611,-1
17612,-1
17613,-1
17614,-1
17615,-1
17616,-1
17617,-1
17618,-1
17619,-1
17620,-1
17621,-1
17622,-1
17623,-1
17624,-1
17625,0
17626,1
17627,1
17628,0
17629,-1
17630,1
17631,0
17632,0
17633,0
17634,0
17635,-1
17636,-1
17637,0
17638,0
17639,1
17640,1
17641,1
17642,1
17643,1
17644,1
17645,1
17646,1
17647,1
17648,1
17649,0
17650,1
17651,1
17652,1
17653,1
17654,1
17655,-1
17656,-1
17657,-1
17658,0
17659,1
17660,1
17661,1
17662,1
17663,1
17664,0
17665,0
17666,0
17667,0
17668,0
17669,0
17670,0
17671,0
17672,1
17673,1
17674,1
17675,1
17676,1
17677,0
17678,0
17679,0
17680,0
17681,0
17682,1
17683,1
17684,1
17685,1
17686,1
17687,1
17688,0
17689,0
17690,-1
17691,0
17692,-1
17693,-1
17694,-1
17695,0
17696,0
17697,0
17698,0
17699,-1
17700,-1
17701,-1
17702,0
17703,1
17704,1
17705,1
17706,1
17707,1
17708,0
17709,0
17710,1
17711,1
17712,0
17713,0
17714,0
17715,-1
17716,-1
17717,0
17718,0
17719,0
17720,0
17721,0
17722,-1
17723,0
17724,0
17725,1
17726,1
17727,1
17728,-1
17729,-1
17730,-1
17731,-1
17732,-1
17733,-1
17734,-1
17735,-1
17736,-1
17737,1
17738,0
17739,0
17740,-1
17741,-1
17742,-1
17743,-1
17744,-1
17745,-1
17746,-1
17747,-1
17748,0
17749,0
17750,1
17751,1
17752,1
17753,-1
17754,-1
17755,-1
17756,0
17757,-1
17758,0
17759,0
17760,-1
17761,-1
17762,-1
17763,-1
17764,-1
17765,-1
17766,-1
17767,-1
17768,-1
17769,0
17770,-1
17771,-1
17772,-1
17773,-1
17774,-1
17775,-1
17776,-1
17777,-1
17778,-1
17779,-1
17780,-1
17781,1
17782,0
17783,1
17784,-1
17785,1
17786,1
17787,1
17788,1
17789,1
17790,-1
17791,0
17792,0
17793,1
17794,-1
17795,-1
17796,-1
17797,-1
17798,-1
17799,-1
17800,1
17801,1
17802,1
17803,1
17804,0
17805,1
17806,1
17807,1
17808,1
17809,1
17810,1
17811,0
17812,0
17813,0
17814,-1
17815,0
17816,-1
17817,-1
17818,-1
17819,1
17820,1
17821,1
17822,1
17823,1
17824,1
17825,0
17826,0
17827,0
17828,0
17829,0
17830,-1
17831,0
17832,0
17833,1
17834,1
17835,1
17836,1
17837,1
17838,1
17839,0
17840,0
17841,-1
17842,0
17843,-1
17844,-1
17845,0
17846,1
17847,0
17848,1
17849,0
17850,0
17851,-1
17852,0
17853,0
17854,-1
17855,-1
17856,-1
17857,-1
17858,-1
17859,0
17860,-1
17861,-1
17862,-1
17863,-1
17864,-1
17865,-1
17866,-1
17867,-1
17868,-1
17869,-1
17870,-1
17871,-1
17872,-1
17873,-1
17874,0
17875,1
17876,1
17877,1
17878,1
17879,1
17880,1
17881,-1
17882,-1
17883,-1
17884,-1
17885,-1
17886,0
17887,0
17888,1
17889,1
17890,1
17891,1
17892,1
17893,-1
17894,-1
17895,0
17896,0
17897,-1
17898,0
17899,1
17900,0
17901,1
17902,0
17903,0
17904,-1
17905,-1
17906,-1
17907,1
17908,1
17909,-1
17910,-1
17911,-1
17912,-1
17913,-1
17914,-1
17915,-1
17916,1
17917,0
17918,0
17919,1
17920,0
17921,-1
17922,-1
17923,-1
17924,-1
17925,-1
17926,-1
17927,-1
17928,-1
17929,0
17930,0
17931,1
17932,-1
17933,1
17934,0
17935,-1
17936,0
17937,0
17938,-1
17939,-1
17940,1
17941,-1
17942,-1
17943,-1
17944,-1
17945,-1
17946,-1
17947,-1
17948,-1
17949,-1
17950,-1
17951,-1
17952,-1
17953,-1
17954,1
17955,1
17956,1
17957,1
17958,1
17959,1
17960,1
17961,1
17962,1
17963,1
17964,1
17965,1
17966,1
17967,-1
17968,-1
17969,-1
17970,-1
17971,-1
17972,0
17973,1
17974,1
17975,1
17976,1
17977,1
17978,1
17979,0
17980,-1
17981,-1
17982,0
17983,-1
17984,-1
17985,-1
17986,0
17987,0
17988,1
17989,0
17990,1
17991,-1
17992,0
17993,0
17994,1
17995,1
17996,1
17997,0
17998,1
17999,1
18000,1
18001,1
18002,1
18003,0
18004,0
18005,0
18006,0
18007,-1
18008,-1
18009,-1
18010,0
18011,1
18012,1
18013,1
18014,1
18015,1
18016,0
18017,0
18018,0
18019,-1
18020,-1
18021,0
18022,1
18023,1
18024,1
18025,1
18026,1
18027,1
18028,1
18029,1
18030,1
18031,1
18032,1
18033,1
18034,1
18035,1
18036,1
18037,-1
18038,-1
18039,-1
18040,-1
18041,-1
18042,-1
18043,1
18044,1
18045,1
18046,1
18047,1
18048,1
18049,0
18050,-1
18051,0
18052,-1
18053,-1
18054,-1
18055,-1
18056,-1
18057,-1
18058,-1
18059,1
18060,1
18061,1
18062,1
18063,1
18064,1
18065,0
18066,1
18067,1
18068,0
18069,-1
18070,-1
18071,-1
18072,-1
18073,-1
18074,-1
18075,-1
18076,-1
18077,-1
18078,-1
18079,-1
18080,-1
18081,0
18082,1
18083,1
18084,1
18085,1
18086,1
18087,0
18088,1
18089,1
18090,1
18091,1
18092,1
18093,1
18094,1
18095,1
18096,0
18097,1
18098,0
18099,0
18100,-1
18101,-1
18102,-1
18103,-1
18104,-1
18105,0
18106,-1
18107,-1
18108,-1
18109,0
18110,-1
18111,-1
18112,-1
18113,0
18114,-1
18115,0
18116,0
18117,0
18118,1
18119,0
18120,0
18121,1
18122,1
18123,0
18124,1
18125,1
18126,1
18127,1
18128,0
18129,0
18130,0
18131,0
18132,0
18133,1
18134,1
18135,1
18136,0
18137,-1
18138,-1
18139,-1
18140,-1
18141,-1
18142,-1
18143,-1
18144,-1
18145,0
18146,1
18147,1
18148,1
18149,1
18150,0
18151,-1
18152,-1
18153,-1
18154,-1
18155,-1
18156,-1
18157,-1
18158,-1
18159,-1
18160,-1
18161,-1
18162,-1
18163,0
18164,-1
18165,-1
18166,1
18167,-1
18168,0
18169,0
18170,-1
18171,-1
18172,-1
18173,-1
18174,0
18175,-1
18176,-1
18177,-1
18178,-1
18179,-1
18180,0
18181,1
18182,1
18183,1
18184,1
18185,1
18186,0
18187,-1
18188,0
18189,0
18190,1
18191,1
18192,1
18193,1
18194,1
18195,0
18196,1
18197,1
18198,1
18199,0
18200,0
18201,0
18202,0
18203,1
18204,1
18205,1
18206,1
18207,1
18208,1
18209,1
18210,1
18211,0
18212,-1
18213,-1
18214,-1
18215,-1
18216,0
18217,1
18218,1
18219,1
18220,1
18221,1
18222,1
18223,-1
18224,-1
18225,-1
18226,-1
18227,-1
18228,-1
18229,-1
18230,-1
18231,-1
18232,-1
18233,-1
18234,-1
18235,-1
18236,-1
18237,-1
18238,-1
18239,-1
18240,-1
18241,0
18242,0
18243,0
18244,1
18245,1
18246,0
18247,0
18248,0
18249,0
18250,1
18251,1
18252,1
18253,1
18254,0
18255,0
18256,-1
18257,-1
18258,-1
18259,-1
18260,-1
18261,-1
18262,-1
18263,-1
18264,-1
18265,0
18266,1
18267,1
18268,0
18269,1
18270,1
18271,-1
18272,0
18273,1
18274,0
18275,0
18276,1
18277,1
18278,1
18279,1
18280,-1
18281,0
18282,1
18283,1
18284,1
18285,1
18286,0
18287,-1
18288,0
18289,0
18290,-1
18291,0
18292,0
18293,0
18294,0
18295,1
18296,1
18297,0
18298,1
18299,1
18300,1
18301,1
18302,1
18303,1
18304,0
18305,0
18306,0
18307,1
18308,1
18309,1
18310,1
18311,1
18312,0
18313,1
18314,1
18315,1
18316,1
18317,1
18318,1
18319,-1
18320,-1
18321,-1
18322,-1
18323,-1
18324,-1
18325,-1
18326,0
18327,0
18328,1
18329,1
18330,1
18331,1
18332,1
18333,-1
18334,-1
18335,-1
18336,-1
18337,-1
18338,-1
18339,0
18340,0
18341,-1
18342,-1
18343,-1
18344,-1
18345,-1
18346,1
18347,1
18348,1
18349,1
18350,1
18351,0
18352,0
18353,-1
18354,-1
18355,-1
18356,-1
18357,-1
18358,0
18359,0
18360,1
18361,1
18362,-1
18363,-1
18364,-1
18365,-1
18366,-1
18367,-1
18368,0
18369,-1
18370,-1
18371,0
18372,1
18373,0
18374,1
18375,1
18376,1
18377,1
18378,1
18379,1
18380,1
18381,1
18382,1
18383,1
18384,1
18385,1
18386,0
18387,0
18388,0
18389,0
18390,0
18391,-1
18392,-1
18393,-1
18394,0
18395,0
18396,1
18397,1
18398,1
18399,0
18400,1
18401,1
18402,1
18403,1
18404,1
18405,-1
18406,0
18407,1
18408,1
18409,1
18410,1
18411,1
18412,0
18413,0
18414,-1
18415,-1
18416,-1
18417,0
18418,-1
18419,0
18420,0
18421,0
18422,0
18423,1
18424,0
18425,0
18426,0
18427,0
18428,-1
18429,0
18430,0
18431,0
18432,-1
18433,0
18434,-1
18435,-1
18436,1
18437,1
18438,1
18439,1
18440,1
18441,-1
18442,-1
18443,-1
18444,-1
18445,-1
18446,-1
18447,-1
18448,-1
18449,-1
18450,-1
18451,-1
18452,-1
18453,-1
18454,-1
18455,-1
18456,-1
18457,1
18458,1
18459,1
18460,1
18461,1
18462,1
18463,0
18464,-1
18465,-1
18466,-1
18467,-1
18468,-1
18469,-1
18470,-1
18471,0
18472,1
18473,1
18474,1
18475,1
18476,1
18477,1
18478,-1
18479,-1
18480,-1
18481,-1
18482,-1
18483,-1
18484,-1
18485,-1
18486,-1
18487,0
18488,1
18489,0
18490,0
18491,-1
18492,-1
18493,-1
18494,0
18495,1
18496,1
18497,1
18498,1
18499,0
18500,0
18501,-1
18502,-1
18503,-1
18504,-1
18505,-1
18506,-1
18507,-1
18508,-1
18509,0
18510,0
18511,1
18512,-1
18513,-1
18514,0
18515,1
18516,0
18517,1
18518,1
18519,1
18520,0
18521,-1
18522,0
18523,0
18524,0
18525,0
18526,1
18527,0
18528,-1
18529,-1
18530,0
18531,0
18532,-1
18533,-1
18534,-1
18535,-1
18536,-1
18537,0
18538,0
18539,0
18540,0
18541,0
18542,0
18543,1
18544,0
18545,1
18546,1
18547,0
18548,0
18549,0
18550,-1
18551,-1
18552,0
18553,1
18554,1
18555,1
18556,0
18557,-1
18558,-1
18559,-1
18560,-1
18561,-1
18562,-1
18563,-1
18564,-1
18565,-1
18566,-1
18567,-1
18568,-1
18569,-1
18570,-1
18571,-1
18572,-1
18573,-1
18574,0
18575,-1
18576,-1
18577,0
18578,0
18579,1
18580,1
18581,1
18582,1
18583,1
18584,1
18585,1
18586,1
18587,1
18588,1
18589,0
18590,0
18591,1
18592,1
18593,1
18594,1
18595,0
18596,0
18597,0
18598,0
18599,0
18600,1
18601,1
18602,0
18603,1
18604,0
18605,0
18606,0
18607,1
18608,1
18609,1
18610,1
18611,1
18612,1
18613,1
18614,1
18615,1
18616,-1
18617,-1
18618,-1
18619,-1
18620,-1
18621,0
18622,1
18623,0
18624,0
18625,0
18626,0
18627,0
18628,0
18629,1
18630,1
18631,1
18632,1
18633,1
18634,1
18635,1
18636,0
18637,0
18638,0
18639,1
18640,-1
18641,-1
18642,-1
18643,-1
18644,-1
18645,1
18646,-1
18647,-1
18648,-1
18649,1
18650,0
18651,1
18652,1
18653,1
18654,1
18655,1
18656,1
18657,1
18658,1
18659,0
18660,-1
18661,1
18662,1
18663,0
18664,0
18665,1
18666,0
18667,0
18668,1
18669,1
18670,1
18671,1
18672,0
18673,0
18674,0
18675,1
18676,1
18677,1
18678,1
18679,1
18680,1
18681,1
18682,1
18683,1
18684,1
18685,-1
18686,-1
18687,-1
18688,-1
18689,-1
18690,0
18691,0
18692,1
18693,1
18694,1
18695,1
18696,1
18697,-1
18698,-1
18699,0
18700,0
18701,0
18702,1
18703,0
18704,0
18705,-1
18706,-1
18707,-1
18708,-1
18709,-1
18710,-1
18711,1
18712,1
18713,1
18714,1
18715,1
18716,1
18717,0
18718,0
18719,-1
18720,-1
18721,-1
18722,-1
18723,0
18724,1
18725,0
18726,0
18727,0
18728,0
18729,0
18730,1
18731,1
18732,1
18733,1
18734,1
18735,1
18736,-1
18737,-1
18738,-1
18739,-1
18740,-1
18741,0
18742,0
18743,0
18744,1
18745,1
18746,1
18747,1
18748,1
18749,1
18750,1
18751,-1
18752,0
18753,-1
18754,-1
18755,-1
18756,1
18757,1
18758,1
18759,1
18760,1
18761,1
18762,0
18763,0
18764,0
18765,0
18766,0
18767,0
18768,0
18769,0
18770,0
18771,0
18772,-1
18773,-1
18774,0
18775,1
18776,1
18777,1
18778,1
18779,1
18780,-1
18781,0
18782,-1
18783,-1
18784,0
18785,0
18786,0
18787,1
18788,1
18789,1
18790,1
18791,1
18792,1
18793,0
18794,1
18795,1
18796,1
18797,1
18798,1
18799,1
18800,0
18801,-1
18802,-1
18803,-1
18804,-1
18805,0
18806,0
18807,0
18808,0
18809,0
18810,0
18811,0
18812,1
18813,0
18814,0
18815,1
18816,1
18817,0
18818,-1
18819,-1
18820,-1
18821,0
18822,1
18823,1
18824,1
18825,1
18826,0
18827,0
18828,0
18829,1
18830,1
18831,1
18832,1
18833,1
18834,1
18835,1
18836,1
18837,1
18838,1
18839,1
18840,1
18841,1
18842,0
18843,-1
18844,-1
18845,-1
18846,0
18847,1
18848,0
18849,0
18850,-1
18851,-1
18852,-1
18853,-1
18854,0
18855,1
18856,1
18857,1
18858,1
18859,0
18860,0
18861,0
18862,0
18863,1
18864,1
18865,1
18866,1
18867,1
18868,1
18869,1
18870,0
18871,0
18872,1
18873,1
18874,1
18875,1
18876,1
18877,0
18878,-1
18879,-1
18880,-1
18881,-1
18882,-1
18883,-1
18884,-1
18885,-1
18886,-1
18887,-1
18888,0
18889,0
18890,-1
18891,-1
18892,-1
18893,-1
18894,-1
18895,1
18896,1
18897,1
18898,0
18899,1
18900,-1
18901,-1
18902,0
18903,1
18904,1
18905,1
18906,1
18907,1
18908,1
18909,1
18910,1
18911,1
18912,1
18913,0
18914,-1
18915,-1
18916,-1
18917,-1
18918,-1
18919,-1
18920,-1
18921,-1
18922,0
18923,1
18924,1
18925,1
18926,1
18927,1
18928,0
18929,-1
18930,-1
18931,-1
18932,0
18933,0
18934,1
18935,1
18936,1
18937,1
18938,0
18939,0
18940,1
18941,1
18942,1
18943,1
18944,1
18945,0
18946,0
18947,-1
18948,-1
18949,-1
18950,-1
18951,0
18952,0
18953,1
18954,1
18955,-1
18956,-1
18957,0
18958,-1
18959,0
18960,1
18961,1
18962,1
18963,1
18964,1
18965,1
18966,1
18967,1
18968,1
18969,1
18970,1
18971,0
18972,0
18973,-1
18974,-1
18975,-1
18976,-1
18977,-1
18978,1
18979,1
18980,0
18981,0
18982,0
18983,-1
18984,-1
18985,-1
18986,-1
18987,-1
18988,0
18989,-1
18990,-1
18991,-1
18992,-1
18993,-1
18994,1
18995,1
18996,1
18997,1
18998,1
18999,1
19000,1
19001,1
19002,1
19003,1
19004,1
19005,1
19006,1
19007,0
19008,0
19009,0
19010,0
19011,-1
19012,0
19013,0
19014,-1
19015,0
19016,0
19017,0
19018,0
19019,0
19020,0
19021,0
19022,0
19023,1
19024,0
19025,0
19026,0
19027,1
19028,1
19029,1
19030,1
19031,1
19032,0
19033,0
19034,-1
19035,-1
19036,-1
19037,-1
19038,-1
19039,1
19040,1
19041,1
19042,1
19043,0
19044,0
19045,1
19046,1
19047,0
19048,1
19049,1
19050,0
19051,-1
19052,-1
19053,-1
19054,-1
19055,-1
19056,-1
19057,-1
19058,-1
19059,-1
19060,-1
19061,-1
19062,0
19063,1
19064,0
19065,1
19066,1
19067,1
19068,0
19069,1
19070,1
19071,1
19072,1
19073,1
19074,0
19075,0
19076,0
19077,0
19078,1
19079,1
19080,1
19081,0
19082,1
19083,-1
19084,0
19085,0
19086,1
19087,0
19088,-1
19089,-1
19090,0
19091,-1
19092,0
19093,0
19094,0
19095,0
19096,1
19097,1
19098,1
19099,1
19100,1
19101,-1
19102,-1
19103,0
19104,0
19105,0
19106,-1
19107,-1
19108,-1
19109,-1
19110,-1
19111,-1
19112,-1
19113,-1
19114,0
19115,-1
19116,-1
19117,-1
19118,-1
19119,-1
19120,-1
19121,0
19122,-1
19123,1
19124,1
19125,1
19126,0
19127,-1
19128,-1
19129,-1
19130,-1
19131,-1
19132,-1
19133,-1
19134,-1
19135,0
19136,1
19137,1
19138,1
19139,1
19140,1
19141,-1
19142,-1
19143,-1
19144,-1
19145,-1
19146,1
19147,1
19148,1
19149,0
19150,-1
19151,-1
19152,-1
19153,0
19154,1
19155,1
19156,-1
19157,0
19158,0
19159,0
19160,1
19161,1
19162,1
19163,1
19164,1
19165,1
19166,1
19167,1
19168,1
19169,1
19170,1
19171,1
19172,1
19173,0
19174,1
19175,0
19176,0
19177,-1
19178,-1
19179,-1
19180,-1
19181,-1
19182,0
19183,1
19184,1
19185,1
19186,-1
19187,-1
19188,-1
19189,-1
19190,-1
19191,-1
19192,-1
19193,-1
19194,0
19195,1
19196,1
19197,1
19198,1
19199,1
19200,0
19201,1
19202,1
19203,1
19204,1
19205,1
19206,0
19207,0
19208,0
19209,0
19210,0
19211,0
19212,0
19213,1
19214,1
19215,1
19216,1
19217,1
19218,1
19219,1
19220,1
19221,1
19222,1
19223,1
19224,-1
19225,0
19226,0
19227,0
19228,0
19229,1
19230,1
19231,0
19232,0
19233,1
19234,0
19235,0
19236,1
19237,1
19238,1
19239,1
19240,1
19241,1
19242,0
19243,0
19244,0
19245,1
19246,0
19247,1
19248,0
19249,0
19250,0
19251,1
19252,-1
19253,-1
19254,0
19255,0
19256,1
19257,1
19258,1
19259,1
19260,1
19261,-1
19262,-1
19263,-1
19264,-1
19265,-1
19266,0
19267,0
19268,0
19269,0
19270,-1
19271,0
19272,0
19273,0
19274,-1
19275,0
19276,1
19277,0
19278,0
19279,0
19280,1
19281,-1
19282,-1
19283,-1
19284,-1
19285,-1
19286,-1
19287,0
19288,0
19289,0
19290,0
19291,0
19292,0
19293,1
19294,1
19295,1
19296,1
19297,1
19298,1
19299,0
19300,0
19301,0
19302,1
19303,1
19304,1
19305,1
19306,1
19307,1
19308,0
19309,0
19310,1
19311,0
19312,1
19313,1
19314,1
19315,1
19316,1
19317,1
19318,-1
19319,-1
19320,0
19321,-1
19322,-1
19323,-1
19324,-1
19325,-1
19326,0
19327,1
19328,0
19329,0
19330,1
19331,1
19332,1
19333,1
19334,1
19335,0
19336,0
19337,-1
19338,-1
19339,0
19340,0
19341,0
19342,0
19343,0
19344,-1
19345,0
19346,0
19347,0
19348,0
19349,-1
19350,-1
19351,1
19352,1
19353,1
19354,1
19355,1
19356,1
19357,0
19358,1
19359,0
19360,0
19361,-1
19362,-1
19363,0
19364,1
19365,1
19366,1
19367,1
19368,1
19369,0
19370,1
19371,0
19372,0
19373,1
19374,1
19375,0
19376,-1
19377,0
19378,0
19379,0
19380,0
19381,1
19382,1
19383,1
19384,1
19385,0
19386,-1
19387,-1
19388,-1
19389,-1
19390,-1
19391,-1
19392,-1
19393,-1
19394,-1
19395,-1
19396,-1
19397,-1
19398,-1
19399,-1
19400,-1
19401,-1
19402,1
19403,1
19404,1
19405,1
19406,1
19407,1
19408,0
19409,0
19410,0
19411,-1
19412,-1
19413,-1
19414,-1
19415,-1
19416,-1
19417,-1
19418,-1
19419,-1
19420,1
19421,0
19422,-1
19423,-1
19424,-1
19425,-1
19426,0
19427,0
19428,1
19429,0
19430,0
19431,-1
19432,-1
19433,-1
19434,0
19435,0
19436,1
19437,1
19438,1
19439,1
19440,0
19441,-1
19442,-1
19443,-1
19444,-1
19445,-1
19446,-1
19447,-1
19448,0
19449,0
19450,1
19451,1
19452,1
19453,1
19454,0
19455,-1
19456,-1
19457,-1
19458,-1
19459,0
19460,0
19461,0
19462,0
19463,0
19464,0
19465,1
19466,1
19467,1
19468,1
19469,1
19470,0
19471,1
19472,1
19473,1
19474,1
19475,1
19476,-1
19477,0
19478,0
19479,0
19480,0
19481,1
19482,0
19483,0
19484,-1
19485,1
19486,0
19487,0
19488,1
19489,1
19490,0
19491,0
19492,1
19493,1
19494,1
19495,1
19496,0
19497,-1
19498,-1
19499,-1
19500,-1
19501,-1
19502,-1
19503,-1
19504,-1
19505,-1
19506,-1
19507,-1
19508,-1
19509,-1
19510,-1
19511,-1
19512,-1
19513,-1
19514,-1
19515,-1
19516,-1
19517,-1
19518,-1
19519,-1
19520,-1
19521,-1
19522,0
19523,1
19524,1
19525,1
19526,1
19527,1
19528,1
19529,0
19530,0
19531,0
19532,1
19533,0
19534,-1
19535,-1
19536,-1
19537,-1
19538,-1
19539,-1
19540,-1
19541,-1
19542,0
19543,-1
19544,-1
19545,0
19546,0
19547,1
19548,1
19549,1
19550,1
19551,1
19552,-1
19553,-1
19554,0
19555,0
19556,0
19557,-1
19558,-1
19559,-1
19560,-1
19561,-1
19562,-1
19563,-1
19564,0
19565,0
19566,0
19567,1
19568,1
19569,1
19570,1
19571,1
19572,1
19573,1
19574,0
19575,-1
19576,0
19577,-1
19578,-1
19579,0
19580,0
19581,-1
19582,0
19583,1
19584,1
19585,1
19586,1
19587,1
19588,1
19589,1
19590,0
19591,0
19592,0
19593,0
19594,0
19595,0
19596,0
19597,0
19598,-1
19599,0
19600,-1
19601,-1
19602,-1
19603,-1
19604,-1
19605,-1
19606,-1
19607,-1
19608,0
19609,-1
19610,-1
19611,0
19612,-1
19613,-1
19614,-1
19615,-1
19616,-1
19617,-1
19618,-1
19619,-1
19620,-1
19621,-1
19622,-1
19623,-1
19624,-1
19625,-1
19626,-1
19627,-1
19628,-1
19629,-1
19630,1
19631,0
19632,1
19633,1
19634,0
19635,0
19636,-1
19637,-1
19638,-1
19639,-1
19640,-1
19641,-1
19642,1
19643,1
19644,1
19645,1
19646,1
19647,-1
19648,0
19649,1
19650,1
19651,0
19652,-1
19653,-1
19654,-1
19655,-1
19656,-1
19657,-1
19658,-1
19659,-1
19660,1
19661,0
19662,0
19663,-1
19664,-1
19665,-1
19666,-1
19667,-1
19668,-1
19669,-1
19670,-1
19671,-1
19672,-1
19673,-1
19674,-1
19675,-1
19676,-1
19677,1
19678,1
19679,1
19680,1
19681,1
19682,1
19683,1
19684,1
19685,1
19686,1
19687,1
19688,1
19689,1
19690,1
19691,1
19692,1
19693,-1
19694,0
19695,0
19696,-1
19697,-1
19698,-1
19699,-1
19700,-1
19701,0
19702,0
19703,-1
19704,-1
19705,-1
19706,-1
19707,-1
19708,-1
19709,-1
19710,-1
19711,-1
19712,-1
19713,-1
19714,1
19715,-1
19716,-1
19717,-1
19718,-1
19719,-1
19720,-1
19721,0
19722,1
19723,1
19724,0
19725,0
19726,1
19727,1
19728,1
19729,1
19730,1
19731,-1
19732,-1
19733,0
19734,1
19735,1
19736,1
19737,1
19738,1
19739,0
19740,-1
19741,-1
19742,-1
19743,-1
19744,0
19745,0
19746,1
19747,1
19748,1
19749,1
19750,1
19751,1
19752,1
19753,1
19754,1
19755,1
19756,-1
19757,0
19758,-1
19759,-1
19760,-1
19761,0
19762,0
19763,-1
19764,0
19765,-1
19766,-1
19767,-1
19768,0
19769,0
19770,1
19771,-1
19772,-1
19773,0
19774,-1
19775,-1
19776,-1
19777,-1
19778,-1
19779,-1
19780,0
19781,0
19782,1
19783,1
19784,1
19785,-1
19786,0
19787,0
19788,-1
19789,-1
19790,-1
19791,-1
19792,-1
19793,-1
19794,-1
19795,-1
19796,-1
19797,-1
19798,-1
19799,-1
19800,-1
19801,0
19802,1
19803,1
19804,0
19805,0
19806,-1
19807,-1
19808,-1
19809,1
19810,0
19811,0
19812,1
19813,1
19814,1
19815,1
19816,1
19817,1
19818,1
19819,-1
19820,0
19821,-1
19822,0
19823,0
19824,1
19825,0
19826,0
19827,0
19828,0
19829,-1
19830,-1
19831,-1
19832,-1
19833,-1
19834,-1
19835,-1
19836,-1
19837,-1
19838,-1
19839,1
19840,1
19841,1
19842,1
19843,1
19844,1
19845,1
19846,1
19847,1
19848,1
19849,1
19850,1
19851,1
19852,1
19853,0
19854,0
19855,0
19856,0
19857,1
19858,1
19859,1
19860,1
19861,1
19862,1
19863,1
19864,1
19865,1
19866,1
19867,1
19868,0
19869,-1
19870,0
19871,1
19872,0
19873,0
19874,1
19875,1
19876,0
19877,-1
19878,0
19879,-1
19880,-1
19881,-1
19882,0
19883,-1
19884,0
19885,-1
19886,-1
19887,-1
19888,0
19889,1
19890,1
19891,1
19892,1
19893,-1
19894,-1
19895,-1
19896,0
19897,1
19898,1
19899,1
19900,1
19901,1
19902,1
19903,1
19904,1
19905,1
19906,1
19907,1
19908,0
19909,-1
19910,-1
19911,-1
19912,-1
19913,-1
19914,0
19915,0
19916,1
19917,1
19918,1
19919,1
19920,1
19921,1
19922,1
19923,1
19924,0
19925,1
19926,0
19927,0
19928,-1
19929,0
19930,0
19931,0
19932,0
19933,1
19934,1
19935,1
19936,0
19937,-1
19938,0
19939,0
19940,0
19941,0
19942,1
19943,1
19944,0
19945,1
19946,1
19947,1
19948,1
19949,1
19950,1
19951,0
19952,0
19953,0
19954,-1
19955,-1
19956,-1
19957,-1
19958,-1
19959,-1
19960,0
19961,0
19962,-1
19963,-1
19964,-1
19965,-1
19966,0
19967,0
19968,0
19969,0
19970,-1
19971,-1
19972,0
19973,-1
19974,1
19975,0
19976,0
19977,-1
19978,-1
19979,-1
19980,-1
19981,-1
19982,-1
19983,1
19984,1
19985,1
19986,1
19987,1
19988,1
19989,1
19990,1
19991,1
19992,1
19993,1
19994,1
19995,0
19996,0
19997,-1
19998,-1
19999,-1
20000,-1
20001,0
20002,1
20003,0
20004,-1
20005,1
20006,0
20007,0
20008,0
20009,1
20010,-1
20011,1
20012,1
20013,1
20014,1
20015,1
20016,0
20017,-1
20018,-1
20019,-1
20020,-1
20021,-1
20022,-1
20023,0
20024,0
20025,0
20026,1
20027,1
20028,1
20029,1
20030,1
20031,0
20032,0
20033,1
20034,0
20035,0
20036,0
20037,0
20038,-1
20039,0
20040,0
20041,-1
20042,-1
20043,-1
20044,-1
20045,-1
20046,0
20047,1
20048,1
20049,1
20050,1
20051,0
20052,-1
20053,-1
20054,0
20055,-1
20056,0
20057,0
20058,0
20059,0
20060,0
20061,0
20062,0
20063,-1
20064,-1
20065,-1
20066,-1
20067,-1
20068,1
20069,1
20070,0
20071,-1
20072,-1
20073,-1
20074,0
20075,0
20076,1
20077,1
20078,1
20079,0
20080,0
20081,0
20082,0
20083,0
20084,0
20085,1
20086,1
20087,0
20088,0
20089,1
20090,1
20091,1
20092,1
20093,1
20094,1
20095,1
20096,0
20097,0
20098,0
20099,0
20100,0
20101,1
20102,1
20103,1
20104,1
20105,0
20106,0
20107,1
20108,1
20109,1
20110,1
20111,0
20112,-1
20113,-1
20114,-1
20115,-1
20116,-1
20117,-1
20118,-1
20119,0
20120,0
20121,0
20122,1
20123,1
20124,1
20125,1
20126,1
20127,1
20128,0
20129,0
20130,0
20131,0
20132,-1
20133,0
20134,0
20135,0
20136,0
20137,1
20138,1
20139,1
20140,1
20141,1
20142,0
20143,1
20144,1
20145,1
20146,1
20147,0
20148,-1
20149,1
20150,1
20151,0
20152,0
20153,1
20154,1
20155,1
20156,1
20157,1
20158,0
20159,0
20160,0
20161,-1
20162,-1
20163,0
20164,1
20165,1
20166,1
20167,1
20168,1
20169,1
20170,1
20171,1
20172,0
20173,0
20174,1
20175,1
20176,1
20177,1
20178,0
20179,-1
20180,0
20181,1
20182,0
20183,1
20184,1
20185,1
20186,1
20187,1
20188,1
20189,0
20190,0
20191,-1
20192,-1
20193,-1
20194,1
20195,1
20196,1
20197,1
20198,1
20199,0
20200,0
20201,0
20202,0
20203,-1
20204,-1
20205,-1
20206,-1
20207,-1
20208,0
20209,0
20210,0
20211,1
20212,0
20213,0
20214,0
20215,0
20216,0
20217,0
20218,0
20219,-1
20220,-1
20221,0
20222,-1
20223,-1
20224,-1
20225,-1
20226,-1
20227,-1
20228,-1
20229,-1
20230,-1
20231,-1
20232,-1
20233,1
20234,1
20235,0
20236,1
20237,1
20238,1
20239,1
20240,1
20241,0
20242,-1
20243,-1
20244,-1
20245,-1
20246,-1
20247,-1
20248,0
20249,-1
20250,-1
20251,-1
20252,0
20253,0
20254,1
20255,1
20256,1
20257,0
20258,0
20259,-1
20260,-1
20261,-1
20262,-1
20263,-1
20264,-1
20265,-1
20266,0
20267,0
20268,1
20269,0
20270,1
20271,0
20272,0
20273,-1
20274,-1
20275,-1
20276,-1
20277,-1
20278,0
20279,-1
20280,0
20281,1
20282,0
20283,0
20284,0
20285,-1
20286,-1
20287,-1
20288,0
20289,1
20290,1
20291,1
20292,1
20293,-1
20294,-1
20295,-1
20296,-1
20297,-1
20298,0
20299,1
20300,1
20301,0
20302,0
20303,-1
20304,0
20305,1
20306,1
20307,1
20308,1
20309,1
20310,0
20311,0
20312,0
20313,0
20314,0
20315,0
20316,0
20317,-1
20318,-1
20319,-1
20320,-1
20321,-1
20322,0
20323,0
20324,1
20325,1
20326,1
20327,0
20328,0
20329,0
20330,-1
20331,0
20332,0
20333,0
20334,0
20335,0
20336,-1
20337,-1
20338,-1
20339,-1
20340,-1
20341,0
20342,0
20343,1
20344,-1
20345,-1
20346,-1
20347,0
20348,0
20349,1
20350,1
20351,1
20352,1
20353,1
20354,1
20355,1
20356,1
20357,1
20358,1
20359,1
20360,0
20361,-1
20362,-1
20363,-1
20364,-1
20365,0
20366,0
20367,1
20368,1
20369,-1
20370,-1
20371,-1
20372,-1
20373,-1
20374,1
20375,1
20376,0
20377,1
20378,0
20379,0
20380,-1
20381,-1
20382,-1
20383,-1
20384,-1
20385,-1
20386,-1
20387,-1
20388,-1
20389,-1
20390,-1
20391,0
20392,-1
20393,0
20394,0
20395,0
20396,-1
20397,0
20398,0
20399,0
20400,0
20401,0
20402,0
20403,0
20404,0
20405,0
20406,0
20407,1
20408,1
20409,1
20410,1
20411,1
20412,1
20413,1
20414,1
20415,0
20416,0
20417,1
20418,1
20419,1
20420,1
20421,1
20422,1
20423,1
20424,1
20425,0
20426,1
20427,1
20428,0
20429,0
20430,0
20431,-1
20432,-1
20433,-1
20434,-1
20435,0
20436,0
20437,1
20438,1
20439,0
20440,0
20441,-1
20442,-1
20443,-1
20444,-1
20445,0
20446,0
20447,1
20448,-1
20449,0
20450,-1
20451,0
20452,0
20453,0
20454,-1
20455,-1
20456,-1
20457,-1
20458,-1
20459,0
20460,0
20461,-1
20462,0
20463,0
20464,-1
20465,-1
20466,-1
20467,-1
20468,-1
20469,-1
20470,-1
20471,0
20472,-1
20473,1
20474,1
20475,1
20476,1
20477,1
20478,0
20479,1
20480,1
20481,1
20482,0
20483,1
20484,0
20485,0
20486,0
20487,1
20488,-1
20489,-1
20490,0
20491,0
20492,-1
20493,-1
20494,-1
20495,-1
20496,-1
20497,0
20498,1
20499,1
20500,0
20501,0
20502,0
20503,0
20504,1
20505,1
20506,1
20507,1
20508,1
20509,1
20510,1
20511,0
20512,0
20513,0
20514,0
20515,-1
20516,-1
20517,-1
20518,-1
20519,0
20520,1
20521,1
20522,1
20523,1
20524,1
20525,1
20526,1
20527,1
20528,1
20529,0
20530,0
20531,0
20532,-1
20533,0
20534,0
20535,0
20536,0
20537,-1
20538,0
20539,-1
20540,-1
20541,0
20542,0
20543,-1
20544,-1
20545,-1
20546,-1
20547,-1
20548,-1
20549,-1
20550,-1
20551,-1
20552,-1
20553,-1
20554,0
20555,0
20556,1
20557,1
20558,1
20559,1
20560,0
20561,0
20562,0
20563,-1
20564,-1
20565,-1
20566,-1
20567,-1
20568,0
20569,-1
20570,-1
20571,-1
20572,0
20573,-1
20574,-1
20575,-1
20576,-1
20577,-1
20578,-1
20579,-1
20580,0
20581,1
20582,0
20583,1
20584,0
20585,0
20586,0
20587,1
20588,1
20589,1
20590,1
20591,1
20592,0
20593,0
20594,0
20595,0
20596,-1
20597,-1
20598,-1
20599,-1
20600,-1
20601,-1
20602,0
20603,0
20604,0
20605,-1
20606,-1
20607,-1
20608,-1
20609,-1
20610,0
20611,1
20612,1
20613,1
20614,1
20615,0
20616,0
20617,-1
20618,-1
20619,0
20620,0
20621,0
20622,1
20623,0
20624,0
20625,0
20626,-1
20627,0
20628,0
20629,1
20630,-1
20631,1
20632,-1
20633,0
20634,0
20635,1
20636,1
20637,0
20638,0
20639,0
20640,0
20641,0
20642,1
20643,1
20644,1
20645,1
20646,1
20647,1
20648,0
20649,0
20650,0
20651,0
20652,1
20653,1
20654,0
20655,0
20656,-1
20657,-1
20658,-1
20659,0
20660,0
20661,-1
20662,-1
20663,-1
20664,-1
20665,-1
20666,-1
20667,-1
20668,-1
20669,0
20670,1
20671,1
20672,1
20673,1
20674,1
20675,0
20676,0
20677,-1
20678,-1
20679,-1
20680,-1
20681,-1
20682,-1
20683,-1
20684,0
20685,-1
20686,-1
20687,-1
20688,-1
20689,-1
20690,-1
20691,0
20692,1
20693,1
20694,1
20695,0
20696,1
20697,0
20698,0
20699,1
20700,1
20701,1
20702,1
20703,1
20704,1
20705,1
20706,1
20707,0
20708,0
20709,-1
20710,-1
20711,-1
20712,-1
20713,0
20714,-1
20715,0
20716,1
20717,1
20718,0
20719,1
20720,0
20721,0
20722,0
20723,1
20724,1
20725,1
20726,1
20727,1
20728,1
20729,1
20730,0
20731,0
20732,0
20733,0
20734,1
20735,1
20736,1
20737,0
20738,0
20739,-1
20740,-1
20741,-1
20742,0
20743,0
20744,0
20745,0
20746,1
20747,1
20748,0
20749,1
20750,0
20751,0
20752,0
20753,0
20754,0
20755,0
20756,0
20757,-1
20758,-1
20759,0
20760,0
20761,1
20762,1
20763,0
20764,1
20765,1
20766,1
20767,1
20768,1
20769,1
20770,1
20771,1
20772,0
20773,1
20774,1
20775,1
20776,0
20777,0
20778,0
20779,0
20780,-1
20781,0
20782,0
20783,-1
20784,-1
20785,0
20786,0
20787,-1
20788,0
20789,0
20790,0
20791,-1
20792,-1
20793,-1
20794,0
20795,0
20796,1
20797,1
20798,1
20799,1
20800,1
20801,1
20802,1
20803,0
20804,0
20805,-1
20806,0
20807,0
20808,0
20809,1
20810,1
20811,1
20812,1
20813,1
20814,1
20815,0
20816,0
20817,0
20818,1
20819,0
20820,1
20821,-1
20822,-1
20823,-1
20824,-1
20825,-1
20826,0
20827,0
20828,-1
20829,-1
20830,0
20831,0
20832,0
20833,0
20834,0
20835,0
20836,1
20837,1
20838,1
20839,1
20840,1
20841,0
20842,-1
20843,-1
20844,0
20845,-1
20846,-1
20847,0
20848,1
20849,1
20850,1
20851,1
20852,1
20853,1
20854,1
20855,1
20856,1
20857,-1
20858,-1
20859,-1
20860,-1
20861,-1
20862,-1
20863,-1
20864,-1
20865,-1
20866,0
20867,1
20868,1
20869,1
20870,1
20871,1
20872,1
20873,1
20874,1
20875,1
20876,0
20877,0
20878,-1
20879,-1
20880,-1
20881,-1
20882,-1
20883,0
20884,0
20885,0
20886,0
20887,0
20888,1
20889,1
20890,1
20891,0
20892,0
20893,-1
20894,-1
20895,-1
20896,-1
20897,0
20898,0
20899,0
20900,0
20901,0
20902,0
20903,0
20904,1
20905,1
20906,1
20907,1
20908,0
20909,1
20910,1
20911,-1
20912,-1
20913,1
20914,1
20915,1
20916,1
20917,0
20918,0
20919,0
20920,0
20921,-1
20922,-1
20923,-1
20924,-1
20925,-1
20926,0
20927,0
20928,0
20929,1
20930,0
20931,0
20932,0
20933,0
20934,-1
20935,-1
20936,-1
20937,-1
20938,-1
20939,0
20940,1
20941,1
20942,1
20943,1
20944,1
20945,1
20946,1
20947,0
20948,0
20949,-1
20950,0
20951,0
20952,0
20953,1
20954,0
20955,0
20956,-1
20957,-1
20958,-1
20959,-1
20960,-1
20961,-1
20962,-1
20963,-1
20964,0
20965,0
20966,0
20967,0
20968,0
20969,-1
20970,0
20971,-1
20972,0
20973,0
20974,1
20975,1
20976,1
20977,1
20978,1
20979,1
20980,1
20981,1
20982,1
20983,1
20984,1
20985,1
20986,1
20987,1
20988,1
20989,1
20990,1
20991,1
20992,1
20993,1
20994,1
20995,0
20996,0
20997,0
20998,0
20999,0
21000,0
21001,-1
21002,-1
21003,-1
21004,-1
21005,-1
21006,0
21007,0
21008,0
21009,0
21010,1
21011,1
21012,1
21013,1
21014,1
21015,1
21016,0
21017,-1
21018,-1
21019,-1
21020,-1
21021,-1
21022,-1
21023,-1
21024,-1
21025,-1
21026,0
21027,1
21028,0
21029,1
21030,1
21031,-1
21032,-1
21033,-1
21034,-1
21035,-1
21036,1
21037,0
21038,1
21039,0
21040,-1
21041,-1
21042,-1
21043,-1
21044,-1
21045,0
21046,-1
21047,-1
21048,0
21049,0
21050,0
21051,0
21052,1
21053,0
21054,0
21055,0
21056,1
21057,0
21058,0
21059,0
21060,0
21061,-1
21062,0
21063,0
21064,1
21065,1
21066,1
21067,1
21068,1
21069,0
21070,0
21071,0
21072,0
21073,0
21074,0
21075,1
21076,1
21077,1
21078,1
21079,1
21080,1
21081,1
21082,1
21083,1
21084,1
21085,1
21086,0
21087,0
21088,-1
21089,-1
21090,0
21091,1
21092,0
21093,0
21094,0
21095,1
21096,0
21097,1
21098,1
21099,1
21100,0
21101,0
21102,0
21103,0
21104,0
21105,0
21106,0
21107,-1
21108,-1
21109,-1
21110,0
21111,0
21112,1
21113,1
21114,0
21115,0
21116,0
21117,0
21118,0
21119,0
21120,0
21121,0
21122,-1
21123,-1
21124,0
21125,0
21126,0
21127,1
21128,0
21129,0
21130,0
21131,0
21132,0
21133,1
21134,1
21135,1
21136,1
21137,1
21138,1
21139,1
21140,0
21141,0
21142,1
21143,1
21144,0
21145,0
21146,0
21147,-1
21148,0
21149,0
21150,0
21151,0
21152,-1
21153,-1
21154,0
21155,0
21156,-1
21157,0
21158,0
21159,-1
21160,-1
21161,-1
21162,-1
21163,-1
21164,-1
21165,-1
21166,-1
21167,-1
21168,0
21169,0
21170,-1
21171,-1
21172,-1
21173,-1
21174,-1
21175,0
21176,0
21177,0
21178,0
21179,0
21180,0
21181,0
21182,0
21183,0
21184,0
21185,-1
21186,-1
21187,-1
21188,-1
21189,-1
21190,0
21191,-1
21192,-1
21193,0
21194,0
21195,0
21196,0
21197,1
21198,1
21199,1
21200,1
21201,1
21202,1
21203,0
21204,0
21205,0
21206,0
21207,0
21208,0
21209,0
21210,-1
21211,-1
21212,-1
21213,-1
21214,0
21215,1
21216,1
21217,1
21218,0
21219,-1
21220,-1
21221,-1
21222,0
21223,0
21224,0
21225,-1
21226,-1
21227,0
21228,0
21229,1
21230,1
21231,1
21232,0
21233,-1
21234,-1
21235,-1
21236,-1
21237,-1
21238,-1
21239,0
21240,0
21241,1
21242,0
21243,1
21244,0
21245,1
21246,1
21247,1
21248,0
21249,0
21250,0
21251,0
21252,1
21253,0
21254,1
21255,0
21256,-1
21257,-1
21258,0
21259,0
21260,0
21261,1
21262,1
21263,0
21264,-1
21265,-1
21266,0
21267,0
21268,1
21269,1
21270,1
21271,1
21272,0
21273,0
21274,0
21275,0
21276,0
21277,1
21278,1
21279,0
21280,0
21281,1
21282,1
21283,1
21284,1
21285,1
21286,1
21287,1
21288,1
21289,0
21290,0
21291,-1
21292,0
21293,-1
21294,-1
21295,0
21296,0
21297,0
21298,1
21299,0
21300,0
21301,0
21302,0
21303,0
21304,0
21305,0
21306,0
21307,-1
21308,-1
21309,-1
21310,0
21311,0
21312,0
21313,0
21314,0
21315,0
21316,-1
21317,-1
21318,-1
21319,-1
21320,-1
21321,-1
21322,-1
21323,-1
21324,0
21325,-1
21326,-1
21327,-1
21328,-1
21329,0
21330,0
21331,0
21332,0
21333,0
21334,-1
21335,-1
21336,0
21337,0
21338,-1
21339,0
21340,-1
21341,-1
21342,-1
21343,-1
21344,-1
21345,-1
21346,0
21347,1
21348,1
21349,0
21350,0
21351,0
21352,0
21353,-1
21354,0
21355,-1
21356,-1
21357,-1
21358,-1
21359,-1
21360,0
21361,1
21362,1
21363,0
21364,0
21365,1
21366,0
21367,0
21368,-1
21369,0
21370,-1
21371,0
21372,0
21373,1
21374,1
21375,1
21376,1
21377,0
21378,0
21379,0
21380,0
21381,0
21382,0
21383,-1
21384,-1
21385,-1
21386,-1
21387,-1
21388,-1
21389,0
21390,0
21391,0
21392,-1
21393,-1
21394,-1
21395,-1
21396,-1
21397,-1
21398,-1
21399,-1
21400,-1
21401,1
21402,1
21403,1
21404,1
21405,1
21406,1
21407,-1
21408,-1
21409,0
21410,-1
21411,-1
21412,-1
21413,-1
21414,0
21415,0
21416,1
21417,1
21418,0
21419,0
21420,0
21421,0
21422,-1
21423,0
21424,0
21425,-1
21426,-1
21427,-1
21428,-1
21429,-1
21430,-1
21431,-1
21432,0
21433,-1
21434,-1
21435,0
21436,1
21437,1
21438,1
21439,1
21440,1
21441,1
21442,1
21443,0
21444,1
21445,0
21446,-1
21447,0
21448,0
21449,0
21450,0
21451,-1
21452,-1
21453,-1
21454,-1
21455,0
21456,1
21457,1
21458,0
21459,0
21460,0
21461,0
21462,0
21463,0
21464,0
21465,-1
21466,0
21467,-1
21468,-1
21469,-1
21470,-1
21471,-1
21472,-1
21473,-1
21474,0
21475,-1
21476,0
21477,0
21478,0
21479,1
21480,1
21481,0
21482,0
21483,-1
21484,-1
21485,-1
21486,-1
21487,-1
21488,-1
21489,0
21490,-1
21491,-1
21492,0
21493,0
21494,0
21495,1
21496,1
21497,1
21498,1
21499,1
21500,1
21501,0
21502,-1
21503,-1
21504,-1
21505,-1
21506,-1
21507,-1
21508,-1
21509,-1
21510,0
21511,0
21512,0
21513,0
21514,0
21515,-1
21516,-1
21517,-1
21518,-1
21519,-1
21520,-1
21521,-1
21522,-1
21523,0
21524,0
21525,0
21526,1
21527,0
21528,0
21529,1
21530,1
21531,1
21532,1
21533,1
21534,1
21535,0
21536,0
21537,-1
21538,-1
21539,-1
21540,-1
21541,-1
21542,-1
21543,-1
21544,-1
21545,-1
21546,0
21547,-1
21548,-1
21549,-1
21550,-1
21551,-1
21552,-1
21553,0
21554,0
21555,1
21556,1
21557,0
21558,-1
21559,-1
21560,-1
21561,-1
21562,1
21563,0
21564,1
21565,1
21566,1
21567,1
21568,1
21569,1
21570,1
21571,1
21572,1
21573,1
21574,1
21575,1
21576,1
21577,0
21578,0
21579,0
21580,1
21581,1
21582,1
21583,0
21584,0
21585,-1
21586,-1
21587,0
21588,0
21589,1
21590,1
21591,1
21592,1
21593,1
21594,1
21595,1
21596,0
21597,0
21598,0
21599,0
21600,-1
21601,-1
21602,0
21603,0
21604,1
21605,1
21606,1
21607,-1
21608,0
21609,-1
21610,-1
21611,-1
21612,0
21613,0
21614,0
21615,-1
21616,0
21617,-1
21618,-1
21619,-1
21620,-1
21621,-1
21622,-1
21623,-1
21624,0
21625,1
21626,1
21627,0
21628,-1
21629,-1
21630,-1
21631,-1
21632,-1
21633,-1
21634,-1
21635,0
21636,0
21637,-1
21638,-1
21639,0
21640,-1
21641,-1
21642,0
21643,-1
21644,-1
21645,-1
21646,-1
21647,-1
21648,-1
21649,-1
21650,0
21651,-1
21652,-1
21653,0
21654,0
21655,1
21656,1
21657,1
21658,1
21659,1
21660,1
21661,1
21662,1
21663,0
21664,-1
21665,-1
21666,-1
21667,1
21668,1
21669,1
21670,0
21671,0
21672,-1
21673,-1
21674,-1
21675,-1
21676,0
21677,0
21678,0
21679,1
21680,1
21681,1
21682,1
21683,1
21684,1
21685,0
21686,1
21687,0
21688,1
21689,1
21690,1
21691,1
21692,0
21693,0
21694,0
21695,-1
21696,-1
21697,-1
21698,-1
21699,-1
21700,0
21701,0
21702,1
21703,0
21704,1
21705,1
21706,1
21707,1
21708,1
21709,0
21710,0
21711,0
21712,0
21713,0
21714,0
21715,1
21716,1
21717,1
21718,1
21719,0
21720,0
21721,-1
21722,-1
21723,-1
21724,0
21725,0
21726,1
21727,0
21728,1
21729,1
21730,0
21731,0
21732,0
21733,0
21734,0
21735,0
21736,0
21737,0
21738,0
21739,0
21740,0
21741,0
21742,1
21743,1
21744,1
21745,1
21746,1
21747,1
21748,0
21749,1
21750,1
21751,0
21752,0
21753,0
21754,-1
21755,-1
21756,0
21757,0
21758,0
21759,0
21760,0
21761,0
21762,-1
21763,-1
21764,-1
21765,-1
21766,0
21767,0
21768,0
21769,0
21770,0
21771,-1
21772,0
21773,0
21774,0
21775,0
21776,0
21777,0
21778,0
21779,-1
21780,-1
21781,0
21782,-1
21783,0
21784,1
21785,1
21786,1
21787,1
21788,1
21789,0
21790,0
21791,0
21792,0
21793,1
21794,0
21795,0
21796,0
21797,0
21798,-1
21799,-1
21800,-1
21801,-1
21802,0
21803,0
21804,0
21805,1
21806,1
21807,0
21808,0
21809,-1
21810,-1
21811,-1
21812,-1
21813,-1
21814,0
21815,0
21816,0
21817,1
21818,1
21819,0
21820,1
21821,0
21822,-1
21823,-1
21824,-1
21825,-1
21826,1
21827,1
21828,1
21829,1
21830,1
21831,1
21832,0
21833,0
21834,0
21835,0
21836,-1
21837,-1
21838,0
21839,-1
21840,0
21841,0
21842,-1
21843,-1
21844,-1
21845,-1
21846,-1
21847,-1
21848,-1
21849,-1
21850,-1
21851,-1
21852,-1
21853,0
21854,0
21855,0
21856,0
21857,0
21858,0
21859,0
21860,0
21861,0
21862,-1
21863,-1
21864,-1
21865,0
21866,0
21867,0
21868,1
21869,0
21870,0
21871,-1
21872,0
21873,0
21874,0
21875,1
21876,1
21877,0
21878,0
21879,0
21880,-1
21881,-1
21882,-1
21883,-1
21884,-1
21885,0
21886,-1
21887,-1
21888,0
21889,0
21890,0
21891,0
21892,0
21893,0
21894,0
21895,0
21896,0
21897,0
21898,1
21899,1
21900,1
21901,1
21902,1
21903,1
21904,1
21905,1
21906,1
21907,1
21908,0
21909,0
21910,0
21911,0
21912,0
21913,0
21914,0
21915,0
21916,1
21917,1
21918,1
21919,1
21920,1
21921,0
21922,0
21923,0
21924,0
21925,0
21926,0
21927,0
21928,0
21929,0
21930,0
21931,1
21932,1
21933,1
21934,1
21935,1
21936,1
21937,1
21938,0
21939,0
21940,0
21941,0
21942,-1
21943,0
21944,0
21945,-1
21946,-1
21947,0
21948,0
21949,0
21950,0
21951,0
21952,0
21953,0
21954,0
21955,0
21956,0
21957,0
21958,-1
21959,0
21960,-1
21961,-1
21962,-1
21963,-1
21964,-1
21965,-1
21966,-1
21967,0
21968,1
21969,1
21970,1
21971,1
21972,0
21973,-1
21974,-1
21975,-1
21976,-1
21977,-1
21978,-1
21979,0
21980,0
21981,0
21982,0
21983,1
21984,1
21985,1
21986,1
21987,1
21988,1
21989,1
21990,-1
21991,-1
21992,-1
21993,-1
21994,-1
21995,-1
21996,-1
21997,-1
21998,-1
21999,-1
22000,0
22001,0
22002,0
22003,-1
22004,-1
22005,-1
22006,-1
22007,-1
22008,-1
22009,-1
22010,-1
22011,-1
22012,0
22013,0
22014,0
22015,0
22016,0
22017,0
22018,-1
22019,0
22020,0
22021,0
22022,0
22023,1
22024,0
22025,0
22026,0
22027,-1
22028,-1
22029,0
22030,0
22031,0
22032,0
22033,0
22034,0
22035,0
22036,1
22037,1
22038,1
22039,1
22040,1
22041,1
22042,0
22043,0
22044,0
22045,-1
22046,-1
22047,-1
22048,-1
22049,-1
22050,-1
22051,-1
22052,-1
22053,0
22054,0
22055,0
22056,0
22057,1
22058,0
22059,1
22060,1
22061,0
22062,0
22063,0
22064,0
22065,0
22066,0
22067,0
22068,0
22069,0
22070,1
22071,1
22072,1
22073,1
22074,1
22075,0
22076,1
22077,1
22078,1
22079,0
22080,1
22081,0
22082,-1
22083,-1
22084,-1
22085,-1
22086,-1
22087,0
22088,0
22089,0
22090,1
22091,1
22092,1
22093,1
22094,1
22095,0
22096,0
22097,-1
22098,0
22099,0
22100,0
22101,0
22102,1
22103,1
22104,0
22105,-1
22106,-1
22107,-1
22108,-1
22109,-1
22110,0
22111,0
22112,1
22113,1
22114,-1
22115,0
22116,-1
22117,-1
22118,0
22119,1
22120,0
22121,0
22122,0
22123,-1
22124,-1
22125,-1
22126,-1
22127,-1
22128,-1
22129,-1
22130,-1
22131,-1
22132,-1
22133,-1
22134,0
22135,0
22136,0
22137,0
22138,0
22139,0
22140,0
22141,0
22142,0
22143,0
22144,0
22145,0
22146,0
22147,0
22148,0
22149,1
22150,1
22151,1
22152,1
22153,1
22154,0
22155,0
22156,0
22157,0
22158,0
22159,0
22160,-1
22161,-1
22162,-1
22163,-1
22164,0
22165,0
22166,0
22167,1
22168,1
22169,1
22170,0
22171,0
22172,0
22173,0
22174,0
22175,0
22176,0
22177,0
22178,1
22179,0
22180,1
22181,1
22182,1
22183,0
22184,0
22185,0
22186,0
22187,0
22188,0
22189,0
22190,0
22191,0
22192,1
22193,0
22194,0
22195,1
22196,1
22197,1
22198,1
22199,1
22200,1
22201,1
22202,0
22203,0
22204,-1
22205,0
22206,-1
22207,-1
22208,0
22209,0
22210,0
22211,-1
22212,-1
22213,-1
22214,-1
22215,-1
22216,-1
22217,0
22218,0
22219,0
22220,-1
22221,-1
22222,-1
22223,-1
22224,-1
22225,-1
22226,-1
22227,0
22228,0
22229,0
22230,0
22231,0
22232,0
22233,0
22234,0
22235,0
22236,-1
22237,-1
22238,-1
22239,-1
22240,-1
22241,-1
22242,-1
22243,0
22244,0
22245,0
22246,0
22247,1
22248,1
22249,1
22250,1
22251,1
22252,0
22253,-1
22254,-1
22255,0
22256,0
22257,0
22258,1
22259,1
22260,0
22261,-1
22262,1
22263,1
22264,1
22265,1
22266,1
22267,1
22268,0
22269,0
22270,-1
22271,-1
22272,0
22273,0
22274,0
22275,0
22276,0
22277,0
22278,0
22279,0
22280,0
22281,0
22282,0
22283,0
22284,-1
22285,-1
22286,-1
22287,-1
22288,-1
22289,-1
22290,-1
22291,-1
22292,-1
22293,0
22294,0
22295,1
22296,1
22297,1
22298,0
22299,0
22300,-1
22301,0
22302,0
22303,-1
22304,0
22305,0
22306,0
22307,0
22308,0
22309,-1
22310,0
22311,0
22312,-1
22313,-1
22314,0
22315,-1
22316,-1
22317,0
22318,0
22319,-1
22320,-1
22321,-1
22322,-1
22323,-1
22324,-1
22325,-1
22326,0
22327,0
22328,0
22329,0
22330,-1
22331,-1
22332,-1
22333,-1
22334,-1
22335,-1
22336,-1
22337,-1
22338,-1
22339,-1
22340,-1
22341,-1
22342,1
22343,1
22344,1
22345,1
22346,1
22347,0
22348,-1
22349,-1
22350,-1
22351,-1
22352,-1
22353,-1
22354,-1
22355,-1
22356,-1
22357,0
22358,-1
22359,0
22360,-1
22361,-1
22362,-1
22363,-1
22364,-1
22365,-1
22366,-1
22367,-1
22368,-1
22369,-1
22370,0
22371,0
22372,1
22373,1
22374,1
22375,0
22376,0
22377,-1
22378,1
22379,1
22380,1
22381,1
22382,1
22383,-1
22384,-1
22385,-1
22386,0
22387,1
22388,0
22389,0
22390,0
22391,0
22392,0
22393,1
22394,1
22395,1
22396,1
22397,0
22398,0
22399,0
22400,0
22401,1
22402,1
22403,1
22404,0
22405,0
22406,-1
22407,0
22408,0
22409,-1
22410,-1
22411,-1
22412,-1
22413,-1
22414,-1
22415,0
22416,1
22417,1
22418,1
22419,0
22420,-1
22421,-1
22422,-1
22423,-1
22424,0
22425,1
22426,0
22427,-1
22428,-1
22429,-1
22430,-1
22431,-1
22432,-1
22433,-1
22434,-1
22435,1
22436,1
22437,1
22438,1
22439,0
22440,-1
22441,-1
22442,-1
22443,-1
22444,-1
22445,-1
22446,-1
22447,-1
22448,-1
22449,0
22450,0
22451,0
22452,0
22453,0
22454,-1
22455,-1
22456,-1
22457,-1
22458,-1
22459,-1
22460,-1
22461,0
22462,-1
22463,-1
22464,-1
22465,-1
22466,-1
22467,-1
22468,-1
22469,-1
22470,0
22471,-1
22472,-1
22473,-1
22474,-1
22475,-1
22476,0
22477,0
22478,1
22479,1
22480,1
22481,0
22482,-1
22483,-1
22484,-1
22485,-1
22486,-1
22487,-1
22488,-1
22489,0
22490,-1
22491,0
22492,-1
22493,0
22494,0
22495,1
22496,1
22497,1
22498,0
22499,0
22500,-1
22501,0
22502,1
22503,1
22504,1
22505,1
22506,1
22507,1
22508,1
22509,1
22510,1
22511,1
22512,1
22513,1
22514,1
22515,1
22516,-1
22517,-1
22518,-1
22519,-1
22520,-1
22521,-1
22522,-1
22523,-1
22524,-1
22525,-1
22526,-1
22527,0
22528,0
22529,-1
22530,-1
22531,-1
22532,0
22533,0
22534,1
22535,1
22536,1
22537,1
22538,1
22539,1
22540,1
22541,1
22542,0
22543,-1
22544,-1
22545,0
22546,1
22547,1
22548,1
22549,1
22550,1
22551,-1
22552,0
22553,0
22554,0
22555,-1
22556,-1
22557,-1
22558,0
22559,-1
22560,-1
22561,-1
22562,0
22563,1
22564,0
22565,0
22566,0
22567,0
22568,-1
22569,0
22570,0
22571,0
22572,1
22573,1
22574,0
22575,0
22576,0
22577,-1
22578,-1
22579,-1
22580,-1
22581,-1
22582,-1
22583,-1
22584,-1
22585,0
22586,0
22587,0
22588,0
22589,-1
22590,-1
22591,-1
22592,-1
22593,-1
22594,-1
22595,-1
22596,-1
22597,0
22598,0
22599,1
22600,-1
22601,-1
22602,-1
22603,-1
22604,-1
22605,0
22606,-1
22607,0
22608,-1
22609,-1
22610,-1
22611,-1
22612,-1
22613,0
22614,1
22615,-1
22616,-1
22617,-1
22618,-1
22619,-1
22620,-1
22621,0
22622,0
22623,-1
22624,-1
22625,-1
22626,1
22627,1
22628,1
22629,1
22630,1
22631,1
22632,1
22633,0
22634,0
22635,-1
22636,0
22637,-1
22638,0
22639,-1
22640,-1
22641,-1
22642,1
22643,1
22644,1
22645,1
22646,1
22647,1
22648,1
22649,1
22650,1
22651,1
22652,1
22653,1
22654,1
22655,1
22656,1
22657,1
22658,1
22659,0
22660,1
22661,1
22662,1
22663,0
22664,-1
22665,-1
22666,-1
22667,-1
22668,-1
22669,-1
22670,-1
22671,-1
22672,0
22673,0
22674,1
22675,0
22676,1
22677,1
22678,1
22679,1
22680,1
22681,1
22682,1
22683,1
22684,0
22685,0
22686,-1
22687,-1
22688,-1
22689,-1
22690,-1
22691,-1
22692,-1
22693,-1
22694,-1
22695,-1
22696,-1
22697,0
22698,-1
22699,0
22700,0
22701,1
22702,1
22703,1
22704,1
22705,1
22706,1
22707,1
22708,1
22709,1
22710,1
22711,1
22712,1
22713,0
22714,-1
22715,-1
22716,-1
22717,-1
22718,-1
22719,1
22720,1
22721,1
22722,0
22723,1
22724,1
22725,1
22726,1
22727,1
22728,1
22729,1
22730,1
22731,1
22732,1
22733,1
22734,1
22735,1
22736,1
22737,1
22738,1
22739,1
22740,1
22741,1
22742,1
22743,1
22744,1
22745,1
22746,1
22747,-1
22748,-1
22749,-1
22750,-1
22751,-1
22752,0
22753,1
22754,0
22755,-1
22756,1
22757,-1
22758,-1
22759,-1
22760,-1
22761,-1
22762,1
22763,1
22764,1
22765,1
22766,0
22767,0
22768,-1
22769,-1
22770,0
22771,1
22772,0
22773,-1
22774,-1
22775,0
22776,0
22777,1
22778,1
22779,1
22780,1
22781,1
22782,1
22783,0
22784,-1
22785,0
22786,0
22787,-1
22788,-1
22789,-1
22790,0
22791,0
22792,0
22793,0
22794,-1
22795,0
22796,-1
22797,0
22798,0
22799,0
22800,-1
22801,-1
22802,-1
22803,-1
22804,0
22805,0
22806,0
22807,1
22808,-1
22809,-1
22810,-1
22811,-1
22812,-1
22813,-1
22814,-1
22815,-1
22816,1
22817,1
22818,0
22819,1
22820,1
22821,1
22822,1
22823,1
22824,1
22825,0
22826,1
22827,0
22828,0
22829,0
22830,0
22831,0
22832,-1
22833,-1
22834,-1
22835,-1
22836,-1
22837,0
22838,0
22839,0
22840,1
22841,1
22842,1
22843,0
22844,-1
22845,0
22846,0
22847,-1
22848,-1
22849,0
22850,-1
22851,-1
22852,-1
22853,-1
22854,0
22855,-1
22856,1
22857,1
22858,1
22859,1
22860,1
22861,1
22862,1
22863,0
22864,1
22865,1
22866,1
22867,1
22868,1
22869,1
22870,1
22871,1
22872,1
22873,1
22874,0
22875,0
22876,-1
22877,-1
22878,-1
22879,-1
22880,-1
22881,-1
22882,-1
22883,-1
22884,-1
22885,0
22886,1
22887,1
22888,1
22889,1
22890,-1
22891,-1
22892,-1
22893,0
22894,0
22895,1
22896,1
22897,0
22898,0
22899,0
22900,0
22901,0
22902,0
22903,-1
22904,-1
22905,-1
22906,-1
22907,-1
22908,0
22909,0
22910,1
22911,-1
22912,0
22913,-1
22914,-1
22915,-1
22916,-1
22917,0
22918,1
22919,1
22920,1
22921,1
22922,1
22923,1
22924,1
22925,1
22926,1
22927,1
22928,0
22929,0
22930,-1
22931,-1
22932,-1
22933,-1
22934,-1
22935,-1
22936,-1
22937,-1
22938,-1
22939,-1
22940,0
22941,-1
22942,0
22943,1
22944,1
22945,1
22946,1
22947,1
22948,1
22949,1
22950,1
22951,1
22952,-1
22953,-1
22954,-1
22955,-1
22956,-1
22957,-1
22958,-1
22959,-1
22960,-1
22961,-1
22962,-1
22963,-1
22964,0
22965,0
22966,0
22967,0
22968,1
22969,0
22970,-1
22971,-1
22972,-1
22973,0
22974,0
22975,1
22976,1
22977,1
22978,0
22979,0
22980,1
22981,1
22982,0
22983,0
22984,0
22985,-1
22986,-1
22987,0
22988,-1
22989,-1
22990,-1
22991,-1
22992,-1
22993,-1
22994,-1
22995,-1
22996,-1
22997,-1
22998,-1
22999,0
23000,-1
23001,-1
23002,-1
23003,-1
23004,-1
23005,1
23006,1
23007,1
23008,1
23009,1
23010,0
23011,0
23012,0
23013,1
23014,0
23015,0
23016,0
23017,0
23018,1
23019,1
23020,1
23021,1
23022,1
23023,-1
23024,0
23025,0
23026,0
23027,0
23028,0
23029,0
23030,0
23031,0
23032,0
23033,0
23034,0
23035,1
23036,1
23037,1
23038,0
23039,0
23040,0
23041,0
23042,-1
23043,-1
23044,-1
23045,-1
23046,-1
23047,0
23048,1
23049,1
23050,1
23051,1
23052,-1
23053,-1
23054,-1
23055,-1
23056,0
23057,1
23058,1
23059,1
23060,1
23061,1
23062,0
23063,0
23064,-1
23065,-1
23066,-1
23067,0
23068,-1
23069,0
23070,0
23071,0
23072,0
23073,1
23074,0
23075,0
23076,0
23077,-1
23078,-1
23079,-1
23080,0
23081,0
23082,1
23083,1
23084,1
23085,0
23086,0
23087,1
23088,1
23089,1
23090,1
23091,0
23092,-1
23093,-1
23094,-1
23095,1
23096,1
23097,1
23098,1
23099,1
23100,0
23101,1
23102,0
23103,0
23104,0
23105,0
23106,0
23107,0
23108,0
23109,1
23110,0
23111,0
23112,0
23113,0
23114,-1
23115,-1
23116,-1
23117,-1
23118,0
23119,1
23120,1
23121,0
23122,-1
23123,-1
23124,-1
23125,-1
23126,-1
23127,-1
23128,-1
23129,-1
23130,0
23131,0
23132,0
23133,0
23134,0
23135,0
23136,0
23137,-1
23138,-1
23139,-1
23140,1
23141,1
23142,0
23143,0
23144,1
23145,-1
23146,1
23147,1
23148,1
23149,1
23150,1
23151,0
23152,-1
23153,-1
23154,-1
23155,0
23156,0
23157,0
23158,1
23159,1
23160,0
23161,0
23162,0
23163,0
23164,0
23165,0
23166,0
23167,0
23168,0
23169,1
23170,0
23171,0
23172,0
23173,-1
23174,-1
23175,-1
23176,-1
23177,-1
23178,-1
23179,-1
23180,-1
23181,0
23182,0
23183,0
23184,0
23185,-1
23186,-1
23187,0
23188,0
23189,0
23190,1
23191,1
23192,0
23193,0
23194,0
23195,0
23196,0
23197,0
23198,0
23199,0
23200,0
23201,0
23202,0
23203,0
23204,-1
23205,0
23206,0
23207,-1
23208,-1
23209,-1
23210,-1
23211,-1
23212,-1
23213,-1
23214,-1
23215,-1
23216,-1
23217,0
23218,0
23219,0
23220,0
23221,0
23222,0
23223,0
23224,0
23225,0
23226,0
23227,-1
23228,-1
23229,0
23230,0
23231,1
23232,1
23233,0
23234,0
23235,0
23236,-1
23237,-1
23238,0
23239,0
23240,0
23241,0
23242,0
23243,1
23244,1
23245,0
23246,1
23247,0
23248,0
23249,-1
23250,0
23251,0
23252,0
23253,0
23254,0
23255,0
23256,0
23257,1
23258,1
23259,1
23260,0
23261,1
23262,0
23263,-1
23264,0
23265,0
23266,-1
23267,-1
23268,-1
23269,-1
23270,-1
23271,-1
23272,0
23273,0
23274,1
23275,1
23276,1
23277,1
23278,1
23279,1
23280,0
23281,0
23282,0
23283,0
23284,0
23285,-1
23286,-1
23287,-1
23288,-1
23289,0
23290,0
23291,1
23292,1
23293,1
23294,0
23295,0
23296,-1
23297,-1
23298,-1
23299,-1
23300,-1
23301,-1
23302,-1
23303,-1
23304,-1
23305,0
23306,0
23307,1
23308,0
23309,0
23310,-1
23311,-1
23312,-1
23313,-1
23314,0
23315,0
23316,0
23317,0
23318,-1
23319,-1
23320,-1
23321,-1
23322,0
23323,1
23324,0
23325,0
23326,0
23327,-1
23328,-1
23329,-1
23330,-1
23331,-1
23332,-1
23333,-1
23334,-1
23335,-1
23336,-1
23337,0
23338,0
23339,0
23340,1
23341,-1
23342,0
23343,0
23344,0
23345,0
23346,1
23347,1
23348,1
23349,0
23350,0
23351,1
23352,1
23353,1
23354,1
23355,1
23356,1
23357,0
23358,0
23359,-1
23360,0
23361,0
23362,1
23363,1
23364,1
23365,1
23366,1
23367,1
23368,1
23369,1
23370,0
23371,0
23372,1
23373,1
23374,1
23375,1
23376,0
23377,0
23378,1
23379,1
23380,1
23381,0
23382,0
23383,0
23384,1
23385,1
23386,1
23387,1
23388,0
23389,0
23390,1
23391,1
23392,1
23393,1
23394,1
23395,1
23396,1
23397,1
23398,0
23399,-1
23400,0
23401,-1
23402,-1
23403,0
23404,1
23405,0
23406,0
23407,1
23408,0
23409,-1
23410,0
23411,-1
23412,-1
23413,-1
23414,-1
23415,-1
23416,-1
23417,-1
23418,0
23419,1
23420,1
23421,1
23422,1
23423,1
23424,1
23425,1
23426,0
23427,-1
23428,-1
23429,-1
23430,0
23431,0
23432,-1
23433,0
23434,0
23435,-1
23436,-1
23437,0
23438,1
23439,1
23440,1
23441,1
23442,1
23443,0
23444,0
23445,0
23446,0
23447,1
23448,0
23449,-1
23450,-1
23451,-1
23452,-1
23453,-1
23454,0
23455,1
23456,0
23457,1
23458,0
23459,1
23460,1
23461,1
23462,1
23463,1
23464,1
23465,1
23466,0
23467,0
23468,0
23469,0
23470,0
23471,0
23472,0
23473,1
23474,0
23475,0
23476,0
23477,-1
23478,-1
23479,-1
23480,-1
23481,0
23482,1
23483,1
23484,1
23485,-1
23486,-1
23487,-1
23488,-1
23489,-1
23490,-1
23491,0
23492,-1
23493,0
23494,1
23495,1
23496,1
23497,1
23498,1
23499,1
23500,0
23501,0
23502,0
23503,-1
23504,-1
23505,-1
23506,-1
23507,-1
23508,-1
23509,-1
23510,-1
23511,0
23512,1
23513,1
23514,1
23515,1
23516,0
23517,-1
23518,-1
23519,-1
23520,-1
23521,0
23522,1
23523,1
23524,1
23525,1
23526,1
23527,1
23528,1
23529,1
23530,0
23531,0
23532,0
23533,1
23534,1
23535,1
23536,1
23537,0
23538,-1
23539,0
23540,1
23541,1
23542,0
23543,0
23544,0
23545,0
23546,0
23547,0
23548,0
23549,0
23550,-1
23551,0
23552,1
23553,1
23554,1
23555,1
23556,1
23557,0
23558,0
23559,0
23560,0
23561,0
23562,0
23563,-1
23564,-1
23565,-1
23566,-1
23567,-1
23568,-1
23569,0
23570,0
23571,0
23572,0
23573,-1
23574,0
23575,-1
23576,-1
23577,-1
23578,-1
23579,-1
23580,-1
23581,-1
23582,0
23583,0
23584,0
23585,1
23586,1
23587,1
23588,1
23589,1
23590,1
23591,1
23592,0
23593,0
23594,-1
23595,-1
23596,-1
23597,-1
23598,0
23599,0
23600,1
23601,0
23602,-1
23603,-1
23604,-1
23605,0
23606,0
23607,1
23608,1
23609,1
23610,0
23611,1
23612,0
23613,0
23614,0
23615,-1
23616,-1
23617,0
23618,-1
23619,-1
23620,-1
23621,-1
23622,-1
23623,-1
23624,0
23625,1
23626,0
23627,0
23628,-1
23629,-1
23630,-1
23631,0
23632,0
23633,0
23634,0
23635,0
23636,0
23637,0
23638,1
23639,1
23640,1
23641,0
23642,1
23643,0
23644,0
23645,-1
23646,1
23647,-1
23648,0
23649,0
23650,-1
23651,-1
23652,-1
23653,-1
23654,-1
23655,-1
23656,0
23657,-1
23658,0
23659,-1
23660,-1
23661,-1
23662,-1
23663,-1
23664,-1
23665,-1
23666,0
23667,0
23668,1
23669,0
23670,0
23671,1
23672,1
23673,0
23674,0
23675,0
23676,0
23677,1
23678,0
23679,1
23680,1
23681,1
23682,0
23683,1
23684,1
23685,0
23686,1
23687,1
23688,1
23689,1
23690,1
23691,1
23692,1
23693,1
23694,1
23695,1
23696,1
23697,0
23698,-1
23699,-1
23700,-1
23701,-1
23702,-1
23703,-1
23704,-1
23705,-1
23706,0
23707,0
23708,0
23709,0
23710,-1
23711,0
23712,0
23713,0
23714,0
23715,0
23716,-1
23717,-1
23718,-1
23719,-1
23720,-1
23721,0
23722,0
23723,0
23724,0
23725,-1
23726,-1
23727,-1
23728,-1
23729,0
23730,1
23731,1
23732,1
23733,1
23734,0
23735,0
23736,0
23737,0
23738,0
23739,0
23740,0
23741,0
23742,0
23743,0
23744,1
23745,1
23746,1
23747,1
23748,1
23749,1
23750,1
23751,1
23752,0
23753,0
23754,0
23755,-1
23756,-1
23757,-1
23758,0
23759,0
23760,0
23761,1
23762,0
23763,0
23764,0
23765,0
23766,0
23767,0
23768,0
23769,0
23770,0
23771,0
23772,0
23773,0
23774,0
23775,-1
23776,-1
23777,0
23778,0
23779,-1
23780,0
23781,0
23782,-1
23783,-1
23784,0
23785,0
23786,0
23787,0
23788,0
23789,0
23790,-1
23791,-1
23792,-1
23793,-1
23794,-1
23795,0
23796,0
23797,0
23798,0
23799,0
23800,0
23801,1
23802,1
23803,1
23804,1
23805,1
23806,0
23807,1
23808,1
23809,0
23810,0
23811,0
23812,0
23813,-1
23814,0
23815,-1
23816,-1
23817,-1
23818,0
23819,-1
23820,-1
23821,-1
23822,-1
23823,-1
23824,-1
23825,-1
23826,-1
23827,-1
23828,-1
23829,0
23830,0
23831,0
23832,1
23833,0
23834,-1
23835,-1
23836,-1
23837,-1
23838,-1
23839,-1
23840,-1
23841,-1
23842,-1
23843,0
23844,-1
23845,0
23846,0
23847,1
23848,1
23849,1
23850,0
23851,1
23852,1
23853,1
23854,1
23855,1
23856,-1
23857,-1
23858,-1
23859,0
23860,-1
23861,-1
23862,-1
23863,0
23864,0
23865,0
23866,1
23867,1
23868,0
23869,1
23870,0
23871,1
23872,1
23873,0
23874,-1
23875,0
23876,0
23877,0
23878,0
23879,0
23880,0
23881,-1
23882,-1
23883,0
23884,0
23885,0
23886,0
23887,-1
23888,-1
23889,-1
23890,-1
23891,-1
23892,-1
23893,0
23894,0
23895,0
23896,0
23897,0
23898,1
23899,1
23900,0
23901,-1
23902,-1
23903,-1
23904,-1
23905,0
23906,0
23907,0
23908,0
23909,0
23910,-1
23911,0
23912,0
23913,0
23914,1
23915,1
23916,1
23917,1
23918,1
23919,0
23920,0
23921,0
23922,0
23923,-1
23924,-1
23925,-1
23926,-1
23927,-1
23928,-1
23929,-1
23930,-1
23931,-1
23932,1
23933,1
23934,1
23935,1
23936,1
23937,1
23938,1
23939,1
23940,0
23941,-1
23942,-1
23943,-1
23944,-1
23945,-1
23946,-1
23947,-1
23948,0
23949,0
23950,1
23951,1
23952,1
23953,0
23954,0
23955,-1
23956,1
23957,1
23958,1
23959,1
23960,1
23961,-1
23962,-1
23963,-1
23964,-1
23965,0
23966,-1
23967,0
23968,-1
23969,-1
23970,-1
23971,-1
23972,-1
23973,0
23974,0
23975,0
23976,-1
23977,-1
23978,-1
23979,-1
23980,0
23981,0
23982,0
23983,0
23984,1
23985,0
23986,-1
23987,0
23988,0
23989,1
23990,1
23991,1
23992,1
23993,1
23994,-1
23995,-1
23996,-1
23997,-1
23998,-1
23999,0
24000,0
24001,0
24002,-1
24003,0
24004,-1
24005,-1
24006,-1
24007,-1
24008,-1
24009,-1
24010,-1
24011,-1
24012,0
24013,1
24014,0
24015,-1
24016,-1
24017,-1
24018,0
24019,1
24020,1
24021,1
24022,1
24023,1
24024,1
24025,1
24026,1
24027,1
24028,0
24029,0
24030,-1
24031,-1
24032,0
24033,0
24034,0
24035,1
24036,1
24037,1
24038,1
24039,1
24040,1
24041,1
24042,1
24043,0
24044,0
24045,0
24046,0
24047,-1
24048,0
24049,0
24050,0
24051,0
24052,0
24053,0
24054,0
24055,-1
24056,-1
24057,-1
24058,-1
24059,-1
24060,-1
24061,0
24062,0
24063,0
24064,-1
24065,-1
24066,-1
24067,-1
24068,-1
24069,0
24070,0
24071,0
24072,0
24073,0
24074,0
24075,0
24076,0
24077,0
24078,-1
24079,0
24080,0
24081,0
24082,0
24083,1
24084,0
24085,0
24086,0
24087,0
24088,0
24089,1
24090,1
24091,0
24092,0
24093,0
24094,-1
24095,-1
24096,0
24097,-1
24098,0
24099,0
24100,0
24101,0
24102,0
24103,-1
24104,-1
24105,-1
24106,-1
24107,-1
24108,-1
24109,-1
24110,-1
24111,-1
24112,-1
24113,-1
24114,-1
24115,0
24116,0
24117,0
24118,-1
24119,-1
24120,-1
24121,-1
24122,-1
24123,0
24124,0
24125,0
24126,0
24127,0
24128,-1
24129,-1
24130,-1
24131,0
24132,0
24133,0
24134,0
24135,-1
24136,0
24137,0
24138,0
24139,1
24140,1
24141,0
24142,-1
24143,0
24144,-1
24145,-1
24146,-1
24147,-1
24148,-1
24149,-1
24150,0
24151,-1
24152,-1
24153,-1
24154,-1
24155,-1
24156,0
24157,1
24158,1
24159,1
24160,1
24161,1
24162,0
24163,0
24164,1
24165,1
24166,1
24167,1
24168,1
24169,-1
24170,-1
24171,-1
24172,-1
24173,-1
24174,0
24175,1
24176,1
24177,1
24178,1
24179,1
24180,0
24181,-1
24182,-1
24183,0
24184,-1
24185,-1
24186,-1
24187,0
24188,0
24189,0
24190,1
24191,1
24192,1
24193,-1
24194,-1
24195,-1
24196,0
24197,0
24198,1
24199,1
24200,1
24201,0
24202,0
24203,1
24204,1
24205,1
24206,1
24207,1
24208,0
24209,0
24210,0
24211,0
24212,-1
24213,-1
24214,-1
24215,-1
24216,-1
24217,0
24218,-1
24219,-1
24220,-1
24221,-1
24222,-1
24223,-1
24224,0
24225,1
24226,1
24227,1
24228,1
24229,0
24230,0
24231,1
24232,1
24233,1
24234,1
24235,1
24236,0
24237,0
24238,0
24239,0
24240,-1
24241,-1
24242,-1
24243,0
24244,0
24245,0
24246,0
24247,1
24248,1
24249,1
24250,0
24251,0
24252,0
24253,0
24254,0
24255,1
24256,1
24257,0
24258,0
24259,0
24260,0
24261,-1
24262,0
24263,0
24264,0
24265,1
24266,1
24267,1
24268,1
24269,1
24270,0
24271,0
24272,0
24273,-1
24274,-1
24275,0
24276,1
24277,0
24278,0
24279,0
24280,0
24281,0
24282,0
24283,0
24284,1
24285,0
24286,-1
24287,0
24288,-1
24289,-1
24290,-1
24291,0
24292,-1
24293,-1
24294,-1
24295,-1
24296,0
24297,0
24298,0
24299,1
24300,1
24301,-1
24302,0
24303,0
24304,0
24305,0
24306,0
24307,0
24308,1
24309,1
24310,1
24311,1
24312,1
24313,1
24314,1
24315,0
24316,0
24317,0
24318,0
24319,1
24320,1
24321,1
24322,0
24323,0
24324,-1
24325,-1
24326,-1
24327,0
24328,0
24329,-1
24330,-1
24331,0
24332,0
24333,0
24334,1
24335,1
24336,1
24337,1
24338,1
24339,1
24340,1
24341,1
24342,0
24343,1
24344,1
24345,1
24346,1
24347,1
24348,0
24349,-1
24350,-1
24351,0
24352,0
24353,1
24354,1
24355,1
24356,1
24357,1
24358,0
24359,0
24360,0
24361,-1
24362,-1
24363,-1
24364,-1
24365,0
24366,0
24367,-1
24368,-1
24369,-1
24370,-1
24371,-1
24372,0
24373,0
24374,0
24375,0
24376,0
24377,0
24378,0
24379,0
24380,0
24381,0
24382,1
24383,0
24384,0
24385,0
24386,0
24387,-1
24388,0
24389,0
24390,0
24391,1
24392,1
24393,1
24394,1
24395,1
24396,1
24397,1
24398,1
24399,1
24400,1
24401,1
24402,1
24403,1
24404,1
24405,0
24406,0
24407,0
24408,0
24409,-1
24410,0
24411,0
24412,0
24413,0
24414,0
24415,0
24416,0
24417,1
24418,0
24419,0
24420,0
24421,0
24422,-1
24423,-1
24424,-1
24425,0
24426,-1
24427,-1
24428,0
24429,0
24430,0
24431,0
24432,1
24433,0
24434,0
24435,0
24436,1
24437,1
24438,1
24439,1
24440,1
24441,-1
24442,0
24443,0
24444,1
24445,1
24446,1
24447,1
24448,1
24449,1
24450,-1
24451,-1
24452,-1
24453,-1
24454,1
24455,1
24456,1
24457,1
24458,1
24459,1
24460,1
24461,1
24462,0
24463,0
24464,0
24465,0
24466,0
24467,1
24468,1
24469,1
24470,1
24471,1
24472,1
24473,1
24474,1
24475,-1
24476,-1
24477,-1
24478,-1
24479,-1
24480,0
24481,1
24482,0
24483,0
24484,-1
24485,0
24486,1
24487,1
24488,1
24489,1
24490,1
24491,1
24492,1
24493,1
24494,1
24495,1
24496,0
24497,1
24498,1
24499,0
24500,-1
24501,-1
24502,-1
24503,-1
24504,-1
24505,0
24506,0
24507,-1
24508,-1
24509,0
24510,1
24511,1
24512,1
24513,1
24514,1
24515,1
24516,1
24517,1
24518,1
24519,1
24520,1
24521,1
24522,0
24523,-1
24524,-1
24525,-1
24526,-1
24527,-1
24528,-1
24529,-1
24530,-1
24531,-1
24532,-1
24533,-1
24534,-1
24535,-1
24536,0
24537,1
24538,1
24539,1
24540,-1
24541,-1
24542,-1
24543,-1
24544,-1
24545,-1
24546,-1
24547,-1
24548,-1
24549,-1
24550,1
24551,1
24552,1
24553,1
24554,1
24555,1
24556,0
24557,0
24558,0
24559,1
24560,1
24561,1
24562,1
24563,0
24564,0
24565,0
24566,0
24567,1
24568,1
24569,1
24570,0
24571,-1
24572,-1
24573,-1
24574,0
24575,0
24576,1
24577,-1
24578,0
24579,0
24580,-1
24581,-1
24582,-1
24583,-1
24584,-1
24585,0
24586,0
24587,0
24588,1
24589,0
24590,0
24591,0
24592,1
24593,1
24594,1
24595,1
24596,1
24597,1
24598,0
24599,1
24600,0
24601,0
24602,1
24603,1
24604,1
24605,1
24606,1
24607,0
24608,0
24609,0
24610,0
24611,-1
24612,0
24613,-1
24614,-1
24615,-1
24616,-1
24617,-1
24618,-1
24619,0
24620,-1
24621,-1
24622,-1
24623,-1
24624,-1
24625,0
24626,1
24627,0
24628,0
24629,-1
24630,-1
24631,0
24632,0
24633,1
24634,1
24635,1
24636,1
24637,0
24638,-1
24639,-1
24640,-1
24641,-1
24642,-1
24643,0
24644,0
24645,1
24646,0
24647,0
24648,0
24649,-1
24650,-1
24651,-1
24652,-1
24653,-1
24654,-1
24655,-1
24656,-1
24657,0
24658,1
24659,1
24660,1
24661,1
24662,1
24663,0
24664,-1
24665,-1
24666,-1
24667,-1
24668,-1
24669,-1
24670,-1
24671,-1
24672,-1
24673,-1
24674,-1
24675,0
24676,0
24677,0
24678,0
24679,1
24680,1
24681,1
24682,1
24683,1
24684,1
24685,0
24686,0
24687,0
24688,-1
24689,0
24690,0
24691,0
24692,0
24693,0
24694,-1
24695,-1
24696,-1
24697,-1
24698,-1
24699,-1
24700,-1
24701,-1
24702,0
24703,0
24704,0
24705,0
24706,0
24707,-1
24708,0
24709,0
24710,1
24711,1
24712,1
24713,1
24714,1
24715,1
24716,0
24717,0
24718,-1
24719,-1
24720,-1
24721,0
24722,-1
24723,0
24724,-1
24725,-1
24726,-1
24727,-1
24728,-1
24729,-1
24730,-1
24731,-1
24732,0
24733,1
24734,0
24735,0
24736,0
24737,0
24738,0
24739,1
24740,0
24741,0
24742,1
24743,0
24744,1
24745,0
24746,0
24747,-1
24748,-1
24749,-1
24750,0
24751,0
24752,0
24753,-1
24754,0
24755,1
24756,1
24757,1
24758,1
24759,1
24760,0
24761,-1
24762,0
24763,-1
24764,0
24765,0
24766,1
24767,1
24768,1
24769,1
24770,1
24771,0
24772,0
24773,0
24774,1
24775,1
24776,1
24777,1
24778,0
24779,0
24780,0
24781,1
24782,1
24783,0
24784,0
24785,0
24786,-1
24787,-1
24788,-1
24789,-1
24790,0
24791,0
24792,1
24793,1
24794,1
24795,0
24796,-1
24797,0
24798,0
24799,0
24800,0
24801,0
24802,0
24803,-1
24804,0
24805,-1
24806,0
24807,-1
24808,0
24809,0
24810,1
24811,1
24812,1
24813,1
24814,1
24815,-1
24816,0
24817,0
24818,0
24819,0
24820,1
24821,1
24822,1
24823,1
24824,1
24825,1
24826,1
24827,1
24828,-1
24829,0
24830,-1
24831,0
24832,-1
24833,-1
24834,-1
24835,-1
24836,-1
24837,0
24838,0
24839,0
24840,1
24841,0
24842,0
24843,0
24844,0
24845,-1
24846,-1
24847,-1
24848,-1
24849,-1
24850,0
24851,0
24852,0
24853,0
24854,0
24855,0
24856,1
24857,1
24858,1
24859,1
24860,1
24861,1
24862,1
24863,0
24864,0
24865,0
24866,0
24867,-1
24868,-1
24869,-1
24870,-1
24871,-1
24872,-1
24873,-1
24874,-1
24875,-1
24876,-1
24877,0
24878,0
24879,0
24880,0
24881,0
24882,0
24883,1
24884,1
24885,1
24886,0
24887,0
24888,0
24889,0
24890,0
24891,0
24892,0
24893,0
24894,1
24895,-1
24896,-1
24897,-1
24898,-1
24899,-1
24900,-1
24901,-1
24902,-1
24903,-1
24904,-1
24905,-1
24906,-1
24907,-1
24908,-1
24909,-1
24910,0
24911,0
24912,-1
24913,0
24914,-1
24915,-1
24916,-1
24917,-1
24918,-1
24919,-1
24920,-1
24921,-1
24922,0
24923,1
24924,0
24925,1
24926,1
24927,1
24928,1
24929,1
24930,1
24931,0
24932,0
24933,-1
24934,0
24935,-1
24936,0
24937,0
24938,0
24939,0
24940,-1
24941,-1
24942,-1
24943,-1
24944,-1
24945,0
24946,0
24947,0
24948,-1
24949,-1
24950,-1
24951,-1
24952,-1
24953,0
24954,0
24955,1
24956,0
24957,0
24958,0
24959,-1
24960,-1
24961,-1
24962,-1
24963,-1
24964,-1
24965,-1
24966,-1
24967,0
24968,0
24969,0
24970,1
24971,1
24972,1
24973,0
24974,1
24975,0
24976,1
24977,0
24978,0
24979,-1
24980,-1
24981,-1
24982,0
24983,1
24984,1
24985,1
24986,1
24987,-1
24988,0
24989,-1
24990,-1
24991,0
24992,0
24993,0
24994,0
24995,0
24996,1
24997,1
24998,0
24999,0
25000,0
25001,0
25002,-1
25003,1
25004,1
25005,0
25006,1
25007,1
25008,1
25009,0
25010,0
25011,0
25012,0
25013,0
25014,1
25015,1
25016,1
25017,1
25018,0
25019,0
25020,0
25021,0
25022,-1
25023,0
25024,-1
25025,0
25026,0
25027,1
25028,1
25029,1
25030,1
25031,1
25032,0
25033,0
25034,1
25035,1
25036,1
25037,1
25038,1
25039,0
25040,0
25041,-1
25042,0
25043,0
25044,0
25045,1
25046,1
25047,1
25048,1
25049,1
25050,0
25051,0
25052,1
25053,1
25054,1
25055,1
25056,1
25057,0
25058,0
25059,0
25060,-1
25061,-1
25062,-1
25063,-1
25064,-1
25065,0
25066,0
25067,1
25068,0
25069,-1
25070,0
25071,-1
25072,-1
25073,-1
25074,-1
25075,0
25076,-1
25077,0
25078,0
25079,0
25080,-1
25081,0
25082,0
25083,0
25084,0
25085,-1
25086,-1
25087,-1
25088,-1
25089,-1
25090,-1
25091,-1
25092,-1
25093,-1
25094,-1
25095,0
25096,0
25097,0
25098,0
25099,1
25100,0
25101,0
25102,0
25103,1
25104,0
25105,0
25106,0
25107,0
25108,0
25109,-1
25110,0
25111,0
25112,0
25113,0
25114,-1
25115,0
25116,0
25117,-1
25118,-1
25119,0
25120,-1
25121,0
25122,0
25123,1
25124,1
25125,1
25126,0
25127,1
25128,0
25129,0
25130,0
25131,0
25132,0
25133,0
25134,0
25135,1
25136,1
25137,1
25138,1
25139,0
25140,0
25141,0
25142,0
25143,0
25144,0
25145,0
25146,0
25147,0
25148,0
25149,1
25150,0
25151,0
25152,0
25153,0
25154,-1
25155,0
25156,0
25157,0
25158,0
25159,0
25160,0
25161,0
25162,0
25163,0
25164,0
25165,1
25166,1
25167,1
25168,1
25169,1
25170,1
25171,0
25172,0
25173,-1
25174,-1
25175,-1
25176,-1
25177,0
25178,0
25179,0
25180,0
25181,0
25182,0
25183,0
25184,1
25185,1
25186,1
25187,0
25188,0
25189,-1
25190,-1
25191,-1
25192,0
25193,-1
25194,0
25195,0
25196,0
25197,0
25198,1
25199,0
25200,1
25201,0
25202,0
25203,-1
25204,0
25205,-1
25206,0
25207,0
25208,0
25209,0
25210,1
25211,1
25212,1
25213,1
25214,1
25215,1
25216,0
25217,0
25218,0
25219,1
25220,1
25221,1
25222,1
25223,1
25224,0
25225,0
25226,-1
25227,-1
25228,-1
25229,0
25230,0
25231,0
25232,0
25233,0
25234,0
25235,-1
25236,-1
25237,-1
25238,-1
25239,0
25240,0
25241,0
25242,0
25243,0
25244,-1
25245,-1
25246,0
25247,0
25248,1
25249,1
25250,1
25251,1
25252,0
25253,1
25254,1
25255,1
25256,1
25257,1
25258,0
25259,0
25260,0
25261,0
25262,0
25263,0
25264,0
25265,0
25266,0
25267,0
25268,0
25269,0
25270,-1
25271,-1
25272,-1
25273,0
25274,0
25275,1
25276,0
25277,0
25278,0
25279,-1
25280,0
25281,-1
25282,0
25283,0
25284,1
25285,0
25286,1
25287,1
25288,0
25289,0
25290,1
25291,0
25292,0
25293,0
25294,-1
25295,-1
25296,0
25297,-1
25298,-1
25299,-1
25300,-1
25301,-1
25302,-1
25303,-1
25304,-1
25305,0
25306,0
25307,0
25308,-1
25309,-1
25310,-1
25311,-1
25312,-1
25313,-1
25314,0
25315,0
25316,0
25317,0
25318,1
25319,1
25320,1
25321,1
25322,1
25323,1
25324,-1
25325,-1
25326,-1
25327,-1
25328,0
25329,-1
25330,-1
25331,-1
25332,-1
25333,-1
25334,-1
25335,0
25336,-1
25337,0
25338,0
25339,0
25340,0
25341,0
25342,-1
25343,0
25344,0
25345,0
25346,0
25347,1
25348,1
25349,0
25350,0
25351,0
25352,-1
25353,-1
25354,0
25355,1
25356,1
25357,1
25358,1
25359,1
25360,-1
25361,-1
25362,0
25363,0
25364,0
25365,0
25366,0
25367,0
25368,0
25369,1
25370,1
25371,1
25372,1
25373,1
25374,-1
25375,-1
25376,0
25377,0
25378,0
25379,0
25380,0
25381,0
25382,0
25383,0
25384,0
25385,0
25386,0
25387,0
25388,0
25389,0
25390,1
25391,0
25392,1
25393,1
25394,1
25395,0
25396,1
25397,0
25398,0
25399,0
25400,0
25401,0
25402,0
25403,0
25404,0
25405,0
25406,0
25407,0
25408,0
25409,0
25410,1
25411,1
25412,1
25413,0
25414,0
25415,0
25416,0
25417,0
25418,0
25419,0
25420,0
25421,0
25422,0
25423,-1
25424,-1
25425,-1
25426,-1
25427,-1
25428,-1
25429,0
25430,1
25431,1
25432,1
25433,1
25434,1
25435,0
25436,1
25437,0
25438,0
25439,0
25440,0
25441,-1
25442,-1
25443,-1
25444,0
25445,0
25446,0
25447,0
25448,0
25449,0
25450,-1
25451,-1
25452,0
25453,0
25454,0
25455,0
25456,0
25457,0
